triggered,kind,date,id,sym,dir,name,tag,graded,atr5,atr15,entry,far,tx_level,t1,target_hit,entry_time,worst,mae,past_far,past_tx,mfe,bars_to_target
False,fade,2026-08-31,nq1,NQ,short,LAAF of 29706-29735,B+/A-,True,35.02455357142857,68.6,,,,,,,,,,,,
True,fade,2026-08-31,nq2,NQ,long,LBAF of Friday's low,B+/A-,True,35.02455357142857,68.6,29436.25,29428.0,29436.25,29533.5,True,2026-08-30 18:40:00-04:00,29273.5,162.75,154.5,162.75,102.0,112.0
True,break,2026-08-31,nq3,NQ,short,Persistent weakness below 29338-29369 (l,,False,35.02455357142857,68.6,29338.0,29369.0,29369.0,29300.0,True,2026-08-30 19:45:00-04:00,29330.5,-7.5,-38.5,-38.5,64.5,2.0
True,fade,2026-08-31,es1,ES,long,LBAF of Friday's low (7711.75),B+/A-,True,6.6138392857142865,12.128125,7711.75,7706.5,7711.75,7730.0,False,2026-08-30 18:15:00-04:00,7674.75,37.0,31.75,37.0,6.75,
False,fade,2026-08-31,es2,ES,short,LAAF of 7746-7749,B/B+,True,6.6138392857142865,12.128125,,,,,,,,,,,,
False,fade,2026-08-31,es3,ES,short,Short at 7771-7779 supply,,False,6.6138392857142865,12.128125,,,,,,,,,,,,
True,break,2026-08-31,es4,ES,short,Persistent weakness below 7706-7712 (low,,False,6.6138392857142865,12.128125,7706.0,7712.0,7712.0,7680.0,True,2026-08-30 19:10:00-04:00,7718.5,12.5,6.5,6.5,31.25,182.0
True,fade,2026-09-01,nq1,NQ,short,Fail of today's spike 29517-29538,B-,True,21.735714285714284,59.52678571428571,29517.0,29522.5,29538.0,29479.0,True,2026-08-31 18:05:00-04:00,29521.75,4.75,-0.75,-16.25,515.0,26.0
True,fade,2026-09-01,nq2,NQ,long,Hold of 29420-29441,B+,True,21.735714285714284,59.52678571428571,29441.0,29434.75,29420.0,29538.0,True,2026-08-31 22:45:00-04:00,29447.25,-6.25,-12.5,-27.25,130.25,36.0
True,break,2026-09-01,nq3,NQ,long,True gap up holding today's spike,B/B-,True,21.735714285714284,59.52678571428571,29538.0,29517.0,29517.0,29623.0,False,2026-09-01 01:50:00-04:00,29002.0,536.0,515.0,515.0,33.25,
False,fade,2026-09-01,nq4,NQ,long,LBAF of today's low,B/B-,True,21.735714285714284,59.52678571428571,,,,,,,,,,,,
True,fade,2026-09-01,es1,ES,short,Fail to find traction above 7706-7712 (L,A/A-,True,4.25625,11.22455357142857,7706.0,7707.75,7712.0,7696.0,True,2026-08-31 20:10:00-04:00,7708.0,2.0,0.25,-4.0,84.5,27.0
True,fade,2026-09-01,es2,ES,long,LBAF of today's low reclaiming 7677-7680,B/B-,True,4.25625,11.22455357142857,7674.75,7673.5,7674.75,7695.0,False,2026-09-01 04:10:00-04:00,7621.5,53.25,52.0,53.25,4.5,
False,break,2026-09-01,es3,ES,long,True gap up which holds,B/B+,True,4.25625,11.22455357142857,,,,,,,,,,,,
True,fade,2026-09-02,nq1,NQ,long,Hold of 29038-29069,B/B-,True,28.192410714285717,61.89955357142858,29069.0,29047.75,29038.0,29138.0,True,2026-09-01 21:55:00-04:00,28927.25,141.75,120.5,110.75,144.0,124.0
True,fade,2026-09-02,nq2,NQ,short,Fail/LAAF of 29169-29182,B-,True,28.192410714285717,61.89955357142858,29169.0,29170.0,29182.0,29155.0,True,2026-09-01 20:25:00-04:00,29148.75,-20.25,-21.25,-33.25,241.75,1.0
False,fade,2026-09-02,nq3,NQ,short,Sell at 29230-29300 supply,B-,True,28.192410714285717,61.89955357142858,,,,,,,,,,,,
False,fade,2026-09-02,nq4,NQ,short,LAAF of today's high / yesterday's low (,,False,28.192410714285717,61.89955357142858,,,,,,,,,,,,
True,fade,2026-09-02,es1,ES,short,Fail to sustain above 7649-7656,B-,True,5.299107142857143,10.366964285714285,7649.0,7651.5,7656.0,7638.0,True,2026-09-01 20:25:00-04:00,7647.0,-2.0,-4.5,-9.0,30.5,9.0
False,fade,2026-09-02,es2,ES,short,Sell at 7663-7670 supply,B-,True,5.299107142857143,10.366964285714285,,,,,,,,,,,,
True,fade,2026-09-02,es3,ES,long,Hold/LBAF of 7635-7638,B-,True,5.299107142857143,10.366964285714285,7638.0,7637.0,7635.0,7649.0,True,2026-09-01 21:15:00-04:00,7618.5,19.5,18.5,16.5,53.25,129.0
True,fade,2026-09-02,es4,ES,long,LBAF of today's low,B/B-,True,5.299107142857143,10.366964285714285,7621.5,7621.5,7621.5,7635.0,True,2026-09-02 05:40:00-04:00,7618.5,3.0,3.0,3.0,69.75,18.0
True,fade,2026-09-02,es5,ES,short,LAAF of today's high / yesterday's low,,False,5.299107142857143,10.366964285714285,7673.75,7691.25,7674.75,7670.0,True,2026-09-02 12:40:00-04:00,7681.25,7.5,-10.0,6.5,3.75,12.0
True,fade,2026-09-03,nq1,NQ,short,LAAF of today's high,B/B-,True,22.037053571428572,55.19642857142857,29213.0,29213.0,29213.0,29155.0,True,2026-09-02 19:50:00-04:00,29208.25,-4.75,-4.75,-4.75,138.0,5.0
True,break,2026-09-03,nq2,NQ,short,Lower high below 29120-29130,B-/C+,True,22.037053571428572,55.19642857142857,29120.0,29130.0,29130.0,29106.25,True,2026-09-03 01:20:00-04:00,29110.0,-10.0,-20.0,-20.0,43.75,1.0
True,fade,2026-09-03,nq3,NQ,long,LBAF of 29120-29130,B-,True,22.037053571428572,55.19642857142857,29130.0,29075.0,29120.0,29138.0,True,2026-09-03 01:30:00-04:00,29118.5,11.5,-43.5,1.5,454.25,1.0
False,fade,2026-09-03,nq4,NQ,long,Hold of 29038-29069,B-,True,22.037053571428572,55.19642857142857,,,,,,,,,,,,
True,fade,2026-09-03,es1,ES,short,LAAF of today's high,B-,True,4.1919642857142865,9.529464285714287,7691.25,7694.5,7691.25,7680.0,True,2026-09-03 04:05:00-04:00,7690.25,-1.0,-4.25,-1.0,22.0,18.0
True,break,2026-09-03,es2,ES,short,Lower high below 7670-7673,B/B-,True,4.1919642857142865,9.529464285714287,7670.0,7673.0,7673.0,7656.0,False,2026-09-03 01:15:00-04:00,7766.5,96.5,93.5,93.5,8.75,
False,fade,2026-09-03,es3,ES,long,Hold of 7649-7656,B,True,4.1919642857142865,9.529464285714287,,,,,,,,,,,,
True,fade,2026-09-04,nq1,NQ,short,Fail/LAAF of 29538-29544 or 29560,B,True,17.698660714285715,50.99375,29538.0,29542.25,29560.0,29503.0,True,2026-09-03 20:50:00-04:00,29704.5,166.5,162.25,144.5,70.0,142.0
False,fade,2026-09-04,nq2,NQ,long,Hold of 29420-29441,B+/A-,True,17.698660714285715,50.99375,,,,,,,,,,,,
False,fade,2026-09-04,nq3,NQ,long,Hold of 29338-29369,A/A-,True,17.698660714285715,50.99375,,,,,,,,,,,,
True,fade,2026-09-04,nq4,NQ,long,Hold/LBAF of 29476,C+/B-,True,17.698660714285715,50.99375,29476.0,29468.0,29476.0,29503.0,True,2026-09-04 13:45:00-04:00,29471.25,4.75,-3.25,4.75,110.5,6.0
False,break,2026-09-04,nq5,NQ,short,Weakness below 29476 (singles fill),,False,17.698660714285715,50.99375,,,,,,,,,,,,
True,fade,2026-09-04,es1,ES,long,LBAF of 7746-7749,A/A-,True,3.332142857142857,9.805357142857142,7749.0,7748.25,7746.0,7762.0,True,2026-09-03 18:10:00-04:00,7749.5,-0.5,-1.25,-3.5,15.5,82.0
True,fade,2026-09-04,es2,ES,long,Hold of 7746-7749,B/B-,True,3.332142857142857,9.805357142857142,7749.0,7748.25,7746.0,7762.0,True,2026-09-03 18:10:00-04:00,7749.5,-0.5,-1.25,-3.5,15.5,82.0
True,fade,2026-09-04,es3,ES,long,Hold/LBAF of 7726.5-7730,B,True,3.332142857142857,9.805357142857142,7730.0,7729.5,7726.5,7746.0,False,2026-09-04 10:35:00-04:00,7711.75,18.25,17.75,14.75,5.25,
True,fade,2026-09-04,es4,ES,long,Hold of 7706-7712,,False,3.332142857142857,9.805357142857142,7712.0,7711.75,7706.0,7726.5,True,2026-09-04 11:35:00-04:00,7716.5,-4.5,-4.75,-10.5,23.25,7.0
True,break,2026-09-04,es5,ES,short,Breakdown short below 7746-7749 (singles,,False,3.332142857142857,9.805357142857142,7746.0,7749.0,7749.0,7730.0,True,2026-09-04 08:30:00-04:00,7751.0,5.0,2.0,2.0,34.25,23.0
True,fade,2026-09-08,nq1,NQ,long,LBAF of Friday's low,A,True,17.744196428571428,46.87321428571429,29468.0,29467.0,29468.0,29448.0,True,2026-09-08 09:45:00-04:00,29455.25,12.75,11.75,12.75,177.25,1.0
False,fade,2026-09-08,nq2,NQ,long,Reactive bid in 29338-29369,B,True,17.744196428571428,46.87321428571429,,,,,,,,,,,,
True,fade,2026-09-08,nq3,NQ,short,LAAF of 29596,B-,True,17.744196428571428,46.87321428571429,29596.0,29764.75,29596.0,29554.0,True,2026-09-08 02:10:00-04:00,29591.75,-4.25,-173.0,-4.25,171.25,1.0
True,fade,2026-09-08,nq4,NQ,short,Fail/LAAF of 29544-29554,,False,17.744196428571428,46.87321428571429,29544.0,29764.75,29554.0,29469.0,True,2026-09-08 03:50:00-04:00,29686.5,142.5,-78.25,132.5,119.25,70.0
False,fade,2026-09-08,es1,ES,short,Fail/LAAF of 7727-7730,A/A-,True,3.209375,8.11294642857143,,,,,,,,,,,,
False,fade,2026-09-08,es2,ES,short,Fail/LAAF of 7736-7739,B+/A-,True,3.209375,8.11294642857143,,,,,,,,,,,,
True,fade,2026-09-08,es3,ES,long,LBAF of Friday's low,A/A-,True,3.209375,8.11294642857143,7711.75,7711.5,7711.75,7727.0,False,2026-09-08 01:35:00-04:00,7672.25,39.5,39.25,39.5,6.5,
True,break,2026-09-09,nq1,NQ,long,Reclaim long of 29544-29554 (if ES rejec,B/B-,True,23.520982142857143,48.52946428571428,29554.0,29544.0,29544.0,29569.0,True,2026-09-08 20:50:00-04:00,29551.75,2.25,-7.75,-7.75,79.75,2.0
True,fade,2026-09-09,nq2,NQ,long,LBAF of today's low,B-,True,23.520982142857143,48.52946428571428,29424.75,29368.25,29424.75,29448.0,True,2026-09-09 07:45:00-04:00,29413.75,11.0,-45.5,11.0,169.0,1.0
True,fade,2026-09-09,nq3,NQ,long,Reactive bid in 29338-29369,B-,True,23.520982142857143,48.52946428571428,29369.0,29368.25,29338.0,29424.75,True,2026-09-09 06:55:00-04:00,29378.0,-9.0,-9.75,-40.0,224.75,3.0
True,fade,2026-09-09,nq4,NQ,short,LAAF of 29630-29645,C+/B-,True,23.520982142857143,48.52946428571428,29630.0,29633.75,29645.0,29608.0,True,2026-09-09 02:15:00-04:00,29629.25,-0.75,-4.5,-15.75,297.0,2.0
True,fade,2026-09-09,nq5,NQ,short,Persistent failures at 29544-29554,,False,23.520982142857143,48.52946428571428,29544.0,29547.0,29554.0,29469.0,True,2026-09-08 19:00:00-04:00,29633.75,89.75,86.75,79.75,211.0,128.0
True,fade,2026-09-09,es1,ES,long,Hold/LBAF of today's low and 7669-7673,B/B+,True,4.560267857142857,8.400892857142857,7673.0,7672.75,7669.0,7680.0,True,2026-09-08 19:55:00-04:00,7674.5,-1.5,-1.75,-5.5,18.25,1.0
False,fade,2026-09-09,es2,ES,short,LAAF of 7704,A/A-,True,4.560267857142857,8.400892857142857,,,,,,,,,,,,
False,fade,2026-09-09,es3,ES,short,LAAF of 7699.5,,False,4.560267857142857,8.400892857142857,,,,,,,,,,,,
True,fade,2026-09-10,nq1,NQ,long,LBAF of today's low,B+,True,20.304910714285718,54.077678571428564,29358.0,29326.75,29358.0,29448.0,False,2026-09-10 07:35:00-04:00,29043.25,314.75,283.5,314.75,0.0,
True,fade,2026-09-10,es1,ES,short,Fail in 7655-7659 (LAAF of 7654.5 ARH),A,True,4.103571428571429,9.753125,7655.0,7655.25,7659.0,7639.0,True,2026-09-09 20:20:00-04:00,7666.25,11.25,11.0,7.25,69.5,137.0
False,fade,2026-09-10,es2,ES,long,Hold of 7633-7636 (protecting today's lo,B/B-,True,4.103571428571429,9.753125,,,,,,,,,,,,
False,fade,2026-09-10,es3,ES,long,LBAF of last week's low (7618.5-7621.5),,False,4.103571428571429,9.753125,,,,,,,,,,,,
True,fade,2026-09-10,es4,ES,short,LAAF of today's high,B/B+,True,4.103571428571429,9.753125,7665.0,7665.75,7665.0,7659.0,True,2026-09-10 01:50:00-04:00,7666.25,1.25,0.5,1.25,79.5,19.0
True,fade,2026-09-15,nq1,NQ,long,LBAF of 29428.5,B/B+,True,21.495535714285715,69.65714285714286,29428.5,29426.75,29428.5,29530.0,False,2026-09-14 20:10:00-04:00,29207.5,221.0,219.25,221.0,66.75,
True,fade,2026-09-15,nq2,NQ,long,Hold of 29338-29369,B/B+,True,21.495535714285715,69.65714285714286,29369.0,29363.5,29338.0,29428.5,True,2026-09-15 00:40:00-04:00,29231.0,138.0,132.5,107.0,115.5,88.0
False,fade,2026-09-15,nq3,NQ,short,LAAF of today's high (29604.5) / Friday',B/B+,True,21.495535714285715,69.65714285714286,,,,,,,,,,,,
True,fade,2026-09-15,es1,ES,long,Hold of 7682-7685,B/B-,True,4.466964285714286,12.561607142857142,7685.0,7645.0,7682.0,7706.0,False,2026-09-15 08:30:00-04:00,7643.5,41.5,1.5,38.5,12.5,
True,break,2026-09-15,es2,ES,short,Persistent weakness below 7706-7712,B-/C+,True,4.466964285714286,12.561607142857142,7706.0,7712.0,7712.0,7685.0,True,2026-09-14 18:05:00-04:00,7701.0,-5.0,-11.0,-11.0,62.5,69.0
False,fade,2026-09-15,es3,ES,short,LAAF of today's high (7719.75) / Friday',B/B-,True,4.466964285714286,12.561607142857142,,,,,,,,,,,,
True,fade,2026-09-16,nq1,NQ,long,Hold/LBAF of 29207-29221,,False,18.820089285714285,54.410267857142856,29221.0,29053.0,29207.0,29265.0,True,2026-09-16 15:45:00-04:00,29217.0,4.0,-164.0,-10.0,62.25,2.0
True,fade,2026-09-16,nq2,NQ,short,Fail/LAAF of 29302-29312,,False,18.820089285714285,54.410267857142856,29302.0,29305.75,29312.0,29285.0,True,2026-09-15 23:05:00-04:00,29549.75,247.75,244.0,237.75,249.0,189.0
True,fade,2026-09-16,nq3,NQ,short,Short in 29338-29369 if sellers present,,False,18.820089285714285,54.410267857142856,29338.0,29358.5,29369.0,29312.0,True,2026-09-15 23:25:00-04:00,29324.5,-13.5,-34.0,-44.5,285.0,1.0
False,fade,2026-09-17,nq1,NQ,long,Hold/LBAF of 29200-29221,B/B-,True,44.72053571428572,49.220982142857146,,,,,,,,,,,,
False,fade,2026-09-17,nq2,NQ,short,Fail/LAAF of 29265-29285,B-,True,44.72053571428572,49.220982142857146,,,,,,,,,,,,
False,fade,2026-09-17,nq3,NQ,short,Fail/LAAF of 29302-29312,B+,True,44.72053571428572,49.220982142857146,,,,,,,,,,,,
False,fade,2026-09-17,nq4,NQ,short,Fail/LAAF of 29338-29369,A-,True,44.72053571428572,49.220982142857146,,,,,,,,,,,,
False,break,2026-09-17,nq5,NQ,short,Downtrend below 29200-29221,,False,44.72053571428572,49.220982142857146,,,,,,,,,,,,
True,break,2026-09-17,nq6,NQ,long,Session uptrend above 29200-29221,,False,44.72053571428572,49.220982142857146,29221.0,29200.0,29200.0,29265.0,True,2026-09-16 18:05:00-04:00,29276.25,-55.25,-76.25,-76.25,572.25,1.0
False,fade,2026-09-17,es1,ES,short,Fail/LAAF of 7629-7632,B/B+,True,9.569196428571429,9.737946428571428,,,,,,,,,,,,
False,break,2026-09-17,es2,ES,short,Active downtrend below 7615-7621,C+/B-,True,9.569196428571429,9.737946428571428,,,,,,,,,,,,
True,break,2026-09-17,es3,ES,long,Session uptrend above 7629-7633 (7615-76,,False,9.569196428571429,9.737946428571428,7633.0,7629.0,7629.0,7638.0,True,2026-09-16 18:30:00-04:00,7634.0,-1.0,-5.0,-5.0,89.25,2.0
True,fade,2026-09-18,nq1,NQ,long,Hold/LBAF of 29689-29698,A-/B+,True,15.615178571428572,70.19732142857143,29698.0,29696.25,29689.0,29737.0,True,2026-09-17 18:10:00-04:00,29648.0,50.0,48.25,41.0,268.75,60.0
True,fade,2026-09-18,nq2,NQ,short,Persistent failures of 29762.5,B/B-,True,15.615178571428572,70.19732142857143,29762.5,29764.75,29762.5,29698.0,True,2026-09-17 23:50:00-04:00,29966.75,204.25,202.0,204.25,103.25,124.0
True,break,2026-09-18,nq3,NQ,short,Weakness below 29689-29698,C+/B-,True,15.615178571428572,70.19732142857143,29689.0,29698.0,29698.0,29645.0,False,2026-09-17 18:25:00-04:00,29966.75,277.75,268.75,268.75,41.0,
False,fade,2026-09-18,nq4,NQ,long,Hold of 29615-29645,B/B-,True,15.615178571428572,70.19732142857143,,,,,,,,,,,,
False,fade,2026-09-18,nq5,NQ,long,LBAF of today's low (29605.75),B/B-,True,15.615178571428572,70.19732142857143,,,,,,,,,,,,
False,break,2026-09-18,nq6,NQ,short,Breakdown short below today's low (29605,,False,15.615178571428572,70.19732142857143,,,,,,,,,,,,
True,fade,2026-09-18,es1,ES,long,LBAF of today's low,B/B+,True,3.5647321428571423,14.790625,7680.5,7675.0,7680.5,7682.0,True,2026-09-18 12:25:00-04:00,7681.25,-0.75,-6.25,-0.75,43.0,1.0
True,break,2026-09-18,es2,ES,short,Lower high below 7682-7685 and today's l,B/B+,True,3.5647321428571423,14.790625,7682.0,7685.0,7685.0,7669.0,False,2026-09-18 12:20:00-04:00,7723.5,41.5,38.5,38.5,7.0,
True,fade,2026-09-18,es3,ES,short,LAAF of 7722 premarket high,C+/B-,True,3.5647321428571423,14.790625,7722.0,7739.25,7722.0,7712.0,True,2026-09-18 05:30:00-04:00,7725.25,3.25,-14.0,3.25,47.0,21.0
False,break,2026-09-21,es1,ES,short,Persistent weakness below 7716-7721,B/B-,True,3.8107142857142855,7.910267857142857,,,,,,,,,,,,
True,break,2026-09-21,es2,ES,long,Persistent strength above 7716-7721,C+,True,3.8107142857142855,7.910267857142857,7721.0,7716.0,7716.0,7729.0,True,2026-09-20 18:15:00-04:00,7725.25,-4.25,-9.25,-9.25,126.25,3.0
False,fade,2026-09-21,es3,ES,long,Hold of 7696-7699,B-,True,3.8107142857142855,7.910267857142857,,,,,,,,,,,,
False,fade,2026-09-21,es4,ES,long,Hold/LBAF of 7680-7683,B,True,3.8107142857142855,7.910267857142857,,,,,,,,,,,,
False,break,2026-09-21,nq1,NQ,short,Session downtrend below Friday's spike b,,False,16.591517857142858,39.525,,,,,,,,,,,,
False,fade,2026-09-21,nq2,NQ,long,Hold/LBAF of 29686-29698,B/B-,True,16.591517857142858,39.525,,,,,,,,,,,,
False,fade,2026-09-21,nq3,NQ,long,LBAF of Friday's low holding 29615-29645,B/B+,True,16.591517857142858,39.525,,,,,,,,,,,,
True,break,2026-09-22,nq1,NQ,long,Continuation long above today's high,,False,18.63303571428571,48.30580357142857,30862.75,30862.75,30862.75,31056.0,True,2026-09-21 20:05:00-04:00,30670.0,192.75,192.75,192.75,202.75,236.0
False,fade,2026-09-22,nq2,NQ,long,Dip-join long at 30616 area +/- 20,,False,18.63303571428571,48.30580357142857,,,,,,,,,,,,
False,break,2026-09-22,es1,ES,long,Continuation long above today's high,,False,4.142410714285715,8.645982142857143,,,,,,,,,,,,
False,fade,2026-09-22,es2,ES,long,Dip-join long at 7800-7803,,False,4.142410714285715,8.645982142857143,,,,,,,,,,,,
False,fade,2026-09-22,es3,ES,long,Dip-join long at 7792,,False,4.142410714285715,8.645982142857143,,,,,,,,,,,,
True,fade,2026-09-23,nq1,NQ,long,Hold/LBAF of 30969-30984,B/B-,True,18.67276785714286,44.39642857142857,30984.0,30982.75,30969.0,31027.0,True,2026-09-22 22:20:00-04:00,30990.75,-6.75,-8.0,-21.75,110.75,16.0
True,fade,2026-09-23,nq2,NQ,short,LAAF of today's high (31065.5) and QQQ A,B-,True,18.67276785714286,44.39642857142857,31065.5,31070.5,31080.0,30984.0,True,2026-09-22 20:00:00-04:00,31058.0,-7.5,-12.5,-22.0,422.75,27.0
False,fade,2026-09-23,nq3,NQ,long,Hold/LBAF of 30869-30885,A/A-,True,18.67276785714286,44.39642857142857,,,,,,,,,,,,
True,break,2026-09-23,nq4,NQ,long,Breakout long through 31056-31069 to nAT,,False,18.67276785714286,44.39642857142857,31069.0,31056.0,31056.0,31125.0,False,2026-09-23 02:30:00-04:00,30642.75,426.25,413.25,413.25,25.75,
False,fade,2026-09-23,es1,ES,long,Hold/LBAF of 7827 (rotation long),B-,True,3.4241071428571432,7.674107142857143,,,,,,,,,,,,
True,fade,2026-09-23,es2,ES,short,Fail/LAAF of 7840-7841 (rotation short),B-,True,3.4241071428571432,7.674107142857143,7840.0,7840.5,7841.0,7827.0,True,2026-09-23 00:25:00-04:00,7843.25,3.25,2.75,2.25,81.25,84.0
True,fade,2026-09-23,es3,ES,long,LBAF of today's low (7822.25) holding 78,B/B-,True,3.4241071428571432,7.674107142857143,7822.25,7819.0,7822.25,7840.0,False,2026-09-23 07:45:00-04:00,7758.75,63.5,60.25,63.5,6.0,
False,fade,2026-09-23,es4,ES,short,LAAF of today's high (7848.5),B-,True,3.4241071428571432,7.674107142857143,,,,,,,,,,,,
False,fade,2026-09-25,nq1,NQ,long,Hold/LBAF of 30639-30669,A/A-,True,44.603125,70.65848214285714,,,,,,,,,,,,
True,fade,2026-09-25,nq2,NQ,short,LAAF of today's high (30827.5),B/B+,True,44.603125,70.65848214285714,30827.5,30999.5,30827.5,30669.0,False,2026-09-25 09:25:00-04:00,30951.5,124.0,-48.0,124.0,143.5,
False,fade,2026-09-25,nq3,NQ,long,LBAF of today's low,B/B-,True,44.603125,70.65848214285714,,,,,,,,,,,,
True,fade,2026-09-25,es1,ES,long,LBAF of 7749-7752,C+/B-,True,8.588839285714286,12.761607142857141,7752.0,7750.75,7749.0,7758.0,True,2026-09-24 20:00:00-04:00,7748.5,3.5,2.25,0.5,62.75,14.0
False,break,2026-09-25,es2,ES,short,Persistent weakness below 7749-7752,B/B-,True,8.588839285714286,12.761607142857141,,,,,,,,,,,,
True,fade,2026-09-25,es3,ES,short,LAAF of today's high (7783-7787),B-,True,8.588839285714286,12.761607142857141,7783.0,7800.75,7787.0,7769.0,True,2026-09-25 09:15:00-04:00,7785.25,2.25,-15.5,-1.75,30.25,3.0
False,fade,2026-09-25,es4,ES,long,"LBAF of today's low, ideally holding 771",B+/A-,True,8.588839285714286,12.761607142857141,,,,,,,,,,,,
True,fade,2026-09-28,nq1,NQ,long,Hold / LBAF of 30827-30846,A-/B+,True,30.46607142857142,77.30133928571429,30846.0,30781.5,30781.0,30926.5,False,2026-09-27 19:55:00-04:00,30356.75,489.25,424.75,424.25,52.25,
True,fade,2026-09-28,nq2,NQ,long,LBAF of Friday's low,A-/B+,True,30.46607142857142,77.30133928571429,30684.0,30680.25,30638.0,30769.0,False,2026-09-27 22:50:00-04:00,30356.75,327.25,323.5,281.25,75.25,
False,fade,2026-09-28,nq3,NQ,short,LAAF of Friday's high,B/B-,True,30.46607142857142,77.30133928571429,,,,,,,,,,,,
False,fade,2026-09-28,es1,ES,long,Hold / LBAF of 7789-7791,B/B+,True,6.194196428571428,14.679910714285715,,,,,,,,,,,,
False,fade,2026-09-28,es2,ES,short,LAAF of Friday's high,B/B-,True,6.194196428571428,14.679910714285715,,,,,,,,,,,,
True,fade,2026-09-28,es3,ES,long,LBAF of Friday's low,B/B+,True,6.194196428571428,14.679910714285715,7752.75,7726.0,7748.0,7758.0,True,2026-09-28 12:15:00-04:00,7753.5,-0.75,-27.5,-5.5,33.5,1.0
True,break,2026-09-28,es4,ES,short,Persistent weakness below 7789-7791,conditional — only if NQ < 827-846 or YM < 51969,True,6.194196428571428,14.679910714285715,7789.0,7791.0,7794.0,7781.0,True,2026-09-27 18:15:00-04:00,7789.5,0.5,-1.5,-4.5,63.0,7.0
True,fade,2026-09-29,es1,ES,long,LBAF of 7725-7726 (today's + last week's,A/A-,True,7.050892857142857,14.09375,7726.0,7725.5,7707.25,7749.0,True,2026-09-28 23:15:00-04:00,7716.0,10.0,9.5,-8.75,44.75,50.0
True,fade,2026-09-29,es2,ES,short,Failed reclaim of 7749-7752,B-,True,7.050892857142857,14.09375,7749.0,7752.75,7759.0,7726.0,True,2026-09-28 19:45:00-04:00,7751.5,2.5,-1.25,-7.5,36.75,41.0
False,fade,2026-09-29,es3,ES,short,LAAF of 7774-7775,B-,True,7.050892857142857,14.09375,,,,,,,,,,,,
True,break,2026-09-29,es4,ES,short,Breakdown of the box with continuation,"implied — commentary, not graded",True,7.050892857142857,14.09375,7718.0,7726.0,7730.0,7712.0,False,2026-09-29 11:20:00-04:00,7742.0,24.0,16.0,12.0,5.75,
True,fade,2026-09-29,nq1,NQ,long,Hold / LBAF of 30469-30493,B/B-,True,36.32276785714286,77.6875,30530.0,30513.0,30356.75,30638.0,True,2026-09-28 20:30:00-04:00,30372.25,157.75,140.75,-15.5,195.5,124.0
True,fade,2026-09-29,nq2,NQ,short,Fail / LAAF of 30638-30669,B-/B-,True,36.32276785714286,77.6875,30638.0,30669.0,30759.25,30530.0,True,2026-09-29 07:05:00-04:00,30725.5,87.5,56.5,-33.75,133.5,67.0
True,break,2026-09-30,es1,ES,long,True gap up that holds today's high,B/B-,True,5.570089285714286,12.073214285714286,7770.75,7758.5,7749.0,7774.0,True,2026-09-30 10:00:00-04:00,7772.0,-1.25,-13.5,-23.0,11.25,1.0
True,fade,2026-09-30,es2,ES,long,Hold of 7718-7725 / LBAF of today's low,B-,True,5.570089285714286,12.073214285714286,7725.0,7719.5,7707.25,7735.0,True,2026-09-30 07:20:00-04:00,7730.25,-5.25,-10.75,-23.0,57.0,2.0
True,fade,2026-09-30,es3,ES,short,Fail / LAAF of 7749-7752,B/B-,True,5.570089285714286,12.073214285714286,7745.0,7747.0,7770.75,7737.0,True,2026-09-29 18:10:00-04:00,7755.75,10.75,8.75,-15.0,39.5,100.0
True,break,2026-09-30,nq1,NQ,long,True gap up that holds today's high,B/B-,True,30.037946428571427,70.68169642857143,30725.5,30725.5,30669.0,30759.25,True,2026-09-29 20:10:00-04:00,30512.25,213.25,213.25,156.75,180.5,147.0
True,fade,2026-09-30,nq2,NQ,short,LAAF of today's high (or Monday's) → dow,B-,True,30.037946428571427,70.68169642857143,30725.5,30737.0,30781.0,30569.0,True,2026-09-29 20:15:00-04:00,30713.25,-12.25,-23.75,-67.75,213.25,74.0
True,break,2026-09-30,nq3,NQ,short,Persistent weakness below 638-669,B-,True,30.037946428571427,70.68169642857143,30638.0,30669.0,30700.0,30569.0,True,2026-09-29 21:25:00-04:00,30676.5,38.5,7.5,-23.5,125.75,60.0
False,fade,2026-09-30,nq4,NQ,long,LBAF of today's low,B/B+,True,30.037946428571427,70.68169642857143,,,,,,,,,,,,
True,fade,2026-10-01,es1,ES,short,Fail / failed reclaim of 7749-7752,B/B+,True,5.210714285714285,11.064732142857142,7747.25,7767.75,7764.0,7743.0,True,2026-10-01 03:10:00-04:00,7738.0,-9.25,-29.75,-26.0,74.5,1.0
True,break,2026-10-01,es2,ES,long,Retrace long — session uptrend firmly ab,B- (tight leash),True,5.210714285714285,11.064732142857142,7727.0,7718.0,7709.25,7730.0,True,2026-09-30 18:10:00-04:00,7726.5,0.5,-8.5,-17.25,40.75,2.0
True,break,2026-10-01,es3,ES,short,Breakdown below 7718-7725 / 7706,implied — not graded,True,5.210714285714285,11.064732142857142,7705.5,7718.0,7727.0,7699.0,True,2026-10-01 10:00:00-04:00,7702.0,-3.5,-16.0,-25.0,32.75,1.0
True,fade,2026-10-01,nq1,NQ,short,Fail / failed reclaim of 30769-30781,B-,True,26.638392857142854,61.139732142857135,30769.0,30794.75,30846.0,30669.0,True,2026-09-30 19:05:00-04:00,31151.5,382.5,356.75,305.5,239.75,178.0
True,break,2026-10-01,nq2,NQ,long,Persistent strength above 638-669 / no s,B-,True,26.638392857142854,61.139732142857135,30683.0,30636.5,30592.0,30769.0,True,2026-09-30 18:05:00-04:00,30712.75,-29.75,-76.25,-120.75,468.5,6.0
True,break,2026-10-01,nq3,NQ,short,Breakdown below 638-669,implied — cautious; he'd prefer ES for this,True,26.638392857142854,61.139732142857135,30636.5,30669.0,30700.0,30592.0,True,2026-10-01 10:15:00-04:00,30639.75,3.25,-29.25,-60.25,107.25,1.0
False,fade,2026-10-02,nq1,NQ,long,LBAF of today's low (ideally sweeping Tu,A/A-,True,42.641071428571436,76.13660714285714,,,,,,,,,,,,
True,fade,2026-10-02,nq2,NQ,short,LAAF of today's high that flips 827-846 ,B+/A-,True,42.641071428571436,76.13660714285714,30846.0,30852.25,30969.0,30734.0,False,2026-10-01 19:05:00-04:00,31282.5,436.5,430.25,313.5,54.5,
False,fade,2026-10-02,nq3,NQ,long,Hold / LBAF of 705-734,B/B-,True,42.641071428571436,76.13660714285714,,,,,,,,,,,,
False,fade,2026-10-02,nq4,NQ,long,Hold / LBAF of 638-669,C+/B-,True,42.641071428571436,76.13660714285714,,,,,,,,,,,,
False,fade,2026-10-02,es1,ES,long,Hold / LBAF of 7706-7709,B/B+,True,8.222321428571428,14.292857142857144,,,,,,,,,,,,
True,fade,2026-10-02,es2,ES,long,Hold / LBAF of 7718-7725,C+/B-,True,8.222321428571428,14.292857142857144,7725.0,7723.25,7706.0,7741.25,True,2026-10-01 18:05:00-04:00,7724.0,1.0,-0.75,-18.0,85.25,56.0
False,break,2026-10-02,es3,ES,short,Persistent weakness below 7706-7709,C+/B-,True,8.222321428571428,14.292857142857144,,,,,,,,,,,,
