date,id,sym,tag,dir,entry,stop,risk_pts,target,held_for,micros,exit,pts,pnl,R,cum,week
2026-08-31,nq2,NQ,B+/A-,long,29436.25,29383.71316964286,52.5368303571413,29533.5,t1,4,stop,-53.0368303571413,-434.69464285713036,-0.8693892857142608,-434.69464285713036,2026-08-31/2026-09-06
2026-08-31,es1,ES,B+/A-,long,7711.75,7701.829241071428,9.920758928571558,7730.0,t1,9,stop,-10.420758928571558,-492.3341517857201,-0.9846683035714402,-927.0287946428505,2026-08-31/2026-09-06
2026-09-01,nq1,NQ,B-,short,29517.0,29549.60357142857,32.60357142857174,29479.0,t1,7,target,37.5,506.8,1.0136,-420.22879464285046,2026-08-31/2026-09-06
2026-09-01,nq2,NQ,B+,long,29441.0,29408.39642857143,32.60357142857174,29538.0,t1,7,target,96.5,1332.8,2.6656,912.5712053571494,2026-08-31/2026-09-06
2026-09-01,nq3,NQ,B/B-,long,29538.0,29505.39642857143,32.60357142857174,29623.0,t1,7,stop,-33.10357142857174,-481.65000000000435,-0.9633000000000087,430.9212053571451,2026-08-31/2026-09-06
2026-09-01,es1,ES,A/A-,short,7706.0,7712.384375,6.384374999999636,7696.0,t1,14,target,9.5,628.6,1.2572,1059.5212053571452,2026-08-31/2026-09-06
2026-09-01,es2,ES,B/B-,long,7674.75,7668.365625,6.384374999999636,7695.0,t1,14,stop,-6.884374999999636,-518.3062499999745,-1.036612499999949,541.2149553571707,2026-08-31/2026-09-06
2026-09-02,nq1,NQ,B/B-,long,29069.0,29026.71138392857,42.288616071429715,29138.0,t1,5,stop,-42.788616071429715,-440.88616071429715,-0.8817723214285943,100.3287946428735,2026-08-31/2026-09-06
2026-09-02,nq2,NQ,B-,short,29169.0,29211.28861607143,42.288616071429715,29084.0,t2,5,target,84.5,832.0,1.664,932.3287946428735,2026-08-31/2026-09-06
2026-09-02,es1,ES,B-,short,7649.0,7656.948660714285,7.9486607142853245,7638.0,t1,11,target,10.5,548.9,1.0977999999999999,1481.2287946428735,2026-08-31/2026-09-06
2026-09-02,es3,ES,B-,long,7638.0,7630.051339285715,7.9486607142853245,7649.0,t1,11,stop,-8.448660714285325,-493.27633928569287,-0.9865526785713857,987.9524553571806,2026-08-31/2026-09-06
2026-09-02,es4,ES,B/B-,long,7621.5,7613.551339285715,7.9486607142853245,7635.0,t1,11,target,13.0,686.4,1.3728,1674.3524553571806,2026-08-31/2026-09-06
2026-09-03,nq1,NQ,B/B-,short,29213.0,29246.055580357144,33.05558035714421,29155.0,t1,7,target,57.5,786.8,1.5735999999999999,2461.1524553571808,2026-08-31/2026-09-06
2026-09-03,nq2,NQ,B-/C+,short,29120.0,29153.055580357144,33.05558035714421,29098.75,t2,7,target,20.75,272.3,0.5446,2733.452455357181,2026-08-31/2026-09-06
2026-09-03,nq3,NQ,B-,long,29130.0,29074.75,55.25,29213.0,t2,4,target,82.5,649.6,1.2992000000000001,3383.052455357181,2026-08-31/2026-09-06
2026-09-03,es1,ES,B-,short,7691.25,7697.537946428572,6.2879464285715585,7680.0,t1,14,target,10.75,716.1,1.4322000000000001,4099.152455357181,2026-08-31/2026-09-06
2026-09-03,es2,ES,B/B-,short,7670.0,7676.287946428572,6.2879464285715585,7656.0,t1,14,stop,-6.7879464285715585,-511.5562500000091,-1.023112500000018,3587.5962053571716,2026-08-31/2026-09-06
2026-09-04,nq1,NQ,B,short,29538.0,29564.547991071428,26.547991071427532,29503.0,t1,9,stop,-27.047991071427532,-510.26383928569555,-1.020527678571391,3077.332366071476,2026-08-31/2026-09-06
2026-09-04,nq4,NQ,C+/B-,long,29476.0,29449.452008928572,26.547991071427532,29503.0,t1,9,target,26.5,453.6,0.9072,3530.932366071476,2026-08-31/2026-09-06
2026-09-04,es1,ES,A/A-,long,7749.0,7744.001785714286,4.998214285714312,7762.0,t1,18,target,12.5,1078.2,2.1564,4609.132366071476,2026-08-31/2026-09-06
2026-09-04,es2,ES,B/B-,long,7749.0,7744.001785714286,4.998214285714312,7762.0,t1,18,target,12.5,1078.2,2.1564,5687.332366071476,2026-08-31/2026-09-06
2026-09-04,es3,ES,B,long,7730.0,7725.001785714286,4.998214285714312,7746.0,t1,18,stop,-5.498214285714312,-541.639285714288,-1.083278571428576,5145.693080357188,2026-08-31/2026-09-06
2026-09-08,nq1,NQ,A,long,29468.0,29441.383705357144,26.61629464285579,29544.0,t2,9,stop,-27.11629464285579,-511.4933035714042,-1.0229866071428084,4634.199776785784,2026-09-07/2026-09-13
2026-09-08,nq3,NQ,B-,short,29596.0,29765.0,169.0,29469.0,t2,1,target,126.5,250.4,0.5008,4884.599776785783,2026-09-07/2026-09-13
2026-09-08,es3,ES,A/A-,long,7711.75,7706.9359375,4.814062499999636,7727.0,t1,18,stop,-5.314062499999636,-525.0656249999672,-1.0501312499999345,4359.534151785816,2026-09-07/2026-09-13
2026-09-09,nq1,NQ,B/B-,long,29554.0,29518.718526785713,35.28147321428696,29630.0,t2,6,target,75.5,890.4,1.7808,5249.934151785816,2026-09-07/2026-09-13
2026-09-09,nq2,NQ,B-,long,29424.75,29368.0,56.75,29544.0,t2,4,stop,-57.25,-468.4,-0.9368,4781.534151785816,2026-09-07/2026-09-13
2026-09-09,nq3,NQ,B-,long,29369.0,29333.718526785713,35.28147321428696,29424.75,t1,6,target,55.25,647.4,1.2948,5428.934151785816,2026-09-07/2026-09-13
2026-09-09,nq4,NQ,C+/B-,short,29630.0,29665.281473214287,35.28147321428696,29569.0,t2,6,target,60.5,710.4,1.4208,6139.334151785815,2026-09-07/2026-09-13
2026-09-09,es1,ES,B/B+,long,7673.0,7666.159598214285,6.8404017857146755,7680.0,t1,13,target,6.5,388.7,0.7774,6528.034151785815,2026-09-07/2026-09-13
2026-09-10,nq1,NQ,B+,long,29358.0,29326.5,31.5,29448.0,t1,7,stop,-32.0,-466.2,-0.9324,6061.834151785815,2026-09-07/2026-09-13
2026-09-10,es1,ES,A,short,7655.0,7661.155357142857,6.155357142856701,7639.0,t1,15,stop,-6.655357142856701,-538.1517857142526,-1.0763035714285052,5523.682366071563,2026-09-07/2026-09-13
2026-09-10,es4,ES,B/B+,short,7665.0,7671.155357142857,6.155357142856701,7654.5,t2,15,target,10.0,711.0,1.422,6234.682366071563,2026-09-07/2026-09-13
2026-09-15,nq1,NQ,B/B+,long,29428.5,29396.256696428572,32.24330357142753,29530.0,t1,7,stop,-32.74330357142753,-476.60624999998544,-0.9532124999999708,5758.076116071577,2026-09-14/2026-09-20
2026-09-15,nq2,NQ,B/B+,long,29369.0,29336.756696428572,32.24330357142753,29428.5,t1,7,stop,-32.74330357142753,-476.60624999998544,-0.9532124999999708,5281.469866071592,2026-09-14/2026-09-20
2026-09-15,es1,ES,B/B-,long,7685.0,7644.75,40.25,7719.75,t2,2,stop,-40.75,-412.7,-0.8254,4868.769866071592,2026-09-14/2026-09-20
2026-09-15,es2,ES,B-/C+,short,7706.0,7712.700446428571,6.700446428571013,7685.0,t1,13,target,20.5,1298.7,2.5974,6167.469866071592,2026-09-14/2026-09-20
2026-09-18,nq1,NQ,A-/B+,long,29698.0,29674.577232142856,23.42276785714421,29737.0,t1,10,stop,-23.92276785714421,-504.45535714288417,-1.0089107142857683,5663.014508928708,2026-09-14/2026-09-20
2026-09-18,nq2,NQ,B/B-,short,29762.5,29785.922767857144,23.42276785714421,29698.0,t1,10,stop,-23.92276785714421,-504.45535714288417,-1.0089107142857683,5158.559151785824,2026-09-14/2026-09-20
2026-09-18,nq3,NQ,C+/B-,short,29689.0,29712.422767857144,23.42276785714421,29645.0,t1,10,stop,-23.92276785714421,-504.45535714288417,-1.0089107142857683,4654.10379464294,2026-09-14/2026-09-20
2026-09-18,es1,ES,B/B+,long,7680.5,7674.75,5.75,7696.0,t2,16,target,15.0,1158.4,2.3168,5812.50379464294,2026-09-14/2026-09-20
2026-09-18,es2,ES,B/B+,short,7682.0,7687.347098214285,5.3470982142853245,7669.0,t1,17,stop,-5.8470982142853245,-541.2033482142526,-1.0824066964285053,5271.300446428688,2026-09-14/2026-09-20
2026-09-18,es3,ES,C+/B-,short,7722.0,7739.5,17.5,7699.0,t2,5,target,22.5,549.5,1.099,5820.800446428688,2026-09-14/2026-09-20
2026-09-21,es2,ES,C+,long,7721.0,7715.283928571429,5.716071428571013,7729.0,t1,16,target,7.5,558.4,1.1168,6379.200446428687,2026-09-21/2026-09-27
2026-09-23,nq1,NQ,B/B-,long,30984.0,30955.990848214286,28.009151785714494,31027.0,t1,8,target,42.5,659.2,1.3184,7038.400446428687,2026-09-21/2026-09-27
2026-09-23,nq2,NQ,B-,short,31065.5,31093.509151785714,28.009151785714494,30984.0,t1,8,target,81.0,1275.2,2.5504000000000002,8313.600446428687,2026-09-21/2026-09-27
2026-09-23,es2,ES,B-,short,7840.0,7845.136160714285,5.1361607142853245,7827.0,t1,17,target,12.5,1018.3,2.0366,9331.900446428686,2026-09-21/2026-09-27
2026-09-23,es3,ES,B/B-,long,7822.25,7817.113839285715,5.1361607142853245,7840.0,t1,17,stop,-5.6361607142853245,-523.2736607142526,-1.0465473214285053,8808.626785714434,2026-09-21/2026-09-27
2026-09-25,nq2,NQ,B/B+,short,30827.5,30999.75,172.25,30669.0,t1,1,close,-68.75,-140.1,-0.2802,8668.526785714434,2026-09-21/2026-09-27
2026-09-25,es1,ES,C+/B-,long,7752.0,7739.116741071429,12.883258928571195,7765.0,t2,7,target,12.5,419.3,0.8386,9087.826785714433,2026-09-21/2026-09-27
2026-09-25,es3,ES,B-,short,7783.0,7801.0,18.0,7759.0,t2,5,target,23.5,574.5,1.149,9662.326785714433,2026-09-21/2026-09-27
2026-09-28,nq1,NQ,A-/B+,long,30846.0,30781.25,64.75,30926.5,t1,3,stop,-65.25,-399.3,-0.7986,9263.026785714434,2026-09-28/2026-10-04
2026-09-28,nq2,NQ,A-/B+,long,30684.0,30638.300892857143,45.69910714285652,30769.0,t1,5,stop,-46.19910714285652,-474.9910714285652,-0.9499821428571303,8788.035714285868,2026-09-28/2026-10-04
2026-09-28,es3,ES,B/B+,long,7752.75,7725.75,27.0,7765.0,t2,3,target,11.75,168.45,0.3369,8956.48571428587,2026-09-28/2026-10-04
2026-09-28,es4,ES,conditional — only if NQ < 827-846 or YM < 51969,short,7789.0,7798.291294642857,9.291294642856883,7772.0,t2,10,target,16.5,799.0,1.598,9755.48571428587,2026-09-28/2026-10-04
2026-09-29,es1,ES,A/A-,long,7726.0,7715.423660714286,10.576339285714312,7749.0,t1,9,target,22.5,989.1,1.9782,10744.58571428587,2026-09-28/2026-10-04
2026-09-29,es2,ES,B-,short,7749.0,7759.576339285714,10.576339285714312,7726.0,t1,9,target,22.5,989.1,1.9782,11733.68571428587,2026-09-28/2026-10-04
2026-09-29,es4,ES,"implied — commentary, not graded",short,7718.0,7728.576339285714,10.576339285714312,7699.0,t2,9,stop,-11.076339285714312,-521.835267857144,-1.043670535714288,11211.850446428725,2026-09-28/2026-10-04
2026-09-29,nq1,NQ,B/B-,long,30530.0,30475.515848214287,54.48415178571304,30638.0,t1,4,stop,-54.98415178571304,-450.2732142857043,-0.9005464285714085,10761.577232143021,2026-09-28/2026-10-04
2026-09-29,nq2,NQ,B-/B-,short,30638.0,30692.484151785713,54.48415178571304,30530.0,t1,4,stop,-54.98415178571304,-450.2732142857043,-0.9005464285714085,10311.304017857317,2026-09-28/2026-10-04
2026-09-30,es1,ES,B/B-,long,7770.75,7758.25,12.5,7789.0,t2,7,stop,-13.0,-473.2,-0.9464,9838.104017857317,2026-09-28/2026-10-04
2026-09-30,es2,ES,B-,long,7725.0,7716.644866071429,8.355133928571377,7735.0,t1,11,target,9.5,493.9,0.9877999999999999,10332.004017857316,2026-09-28/2026-10-04
2026-09-30,es3,ES,B/B-,short,7745.0,7753.355133928571,8.355133928571377,7725.0,t2,11,stop,-8.855133928571377,-515.6323660714257,-1.0312647321428514,9816.37165178589,2026-09-28/2026-10-04
2026-09-30,nq1,NQ,B/B-,long,30725.5,30680.44308035714,45.0569196428587,30769.0,t2,5,stop,-45.5569196428587,-468.569196428587,-0.937138392857174,9347.802455357303,2026-09-28/2026-10-04
2026-09-30,nq2,NQ,B-,short,30725.5,30770.55691964286,45.0569196428587,30569.0,t1,5,target,156.0,1547.0,3.094,10894.802455357303,2026-09-28/2026-10-04
2026-09-30,nq3,NQ,B-,short,30638.0,30683.05691964286,45.0569196428587,30569.0,t1,5,target,68.5,672.0,1.344,11566.802455357303,2026-09-28/2026-10-04
2026-10-01,es1,ES,B/B+,short,7747.25,7768.0,20.75,7737.5,t2,4,target,9.25,174.6,0.3492,11741.402455357304,2026-09-28/2026-10-04
2026-10-01,es2,ES,B- (tight leash),long,7727.0,7717.75,9.25,7737.5,t2,10,target,10.0,474.0,0.948,12215.402455357304,2026-09-28/2026-10-04
2026-10-01,es3,ES,implied — not graded,short,7705.5,7718.25,12.75,7681.0,t2,7,target,24.0,821.8,1.6436,13037.202455357303,2026-09-28/2026-10-04
2026-10-01,nq1,NQ,B-,short,30769.0,30808.957589285714,39.957589285713766,30669.0,t1,6,stop,-40.457589285713766,-501.0910714285652,-1.0021821428571305,12536.111383928737,2026-09-28/2026-10-04
2026-10-01,nq2,NQ,B-,long,30683.0,30636.25,46.75,30769.0,t1,5,target,85.5,842.0,1.684,13378.111383928737,2026-09-28/2026-10-04
2026-10-01,nq3,NQ,implied — cautious; he'd prefer ES for this,short,30636.5,30676.457589285714,39.957589285713766,30592.0,t1,6,target,44.0,512.4,1.0248,13890.511383928737,2026-09-28/2026-10-04
2026-10-02,nq2,NQ,B+/A-,short,30846.0,30909.961607142857,63.96160714285725,30734.0,t1,3,stop,-64.46160714285725,-394.5696428571435,-0.7891392857142869,13495.941741071594,2026-09-28/2026-10-04
2026-10-02,es2,ES,C+/B-,long,7725.0,7712.666517857143,12.333482142857065,7741.25,t1,7,target,15.75,533.05,1.0660999999999998,14028.991741071593,2026-09-28/2026-10-04
