date,entry_time,id,sym,dir,kind,grade,tag,contract,entry,sweep,stop,risk_pts,risk_atr15,at_floor,proxy_fallback,micros,target,R_to_target,exit,pts,pnl,R,depth_atr5,atr5,atr15
2025-07-25,2025-07-24 18:50:00-04:00,es1,ES,short,fade,C,C+,ESU5,6410.25,6413.25,6415.227455357143,4.977455357143299,0.7208107059736869,False,False,18,6399.25,2.209964572402154,stop,-5.977455357143299,-584.7709821428969,-1.1695419642857936,0.9040764159827795,3.3183035714285714,6.905357142857143
2025-07-25,2025-07-24 19:10:00-04:00,nq2,NQ,short,fade,B,B-,NQU5,23401.0,23420.5,23421.5453125,20.545312499998545,0.6228211443728244,False,False,11,23345.0,2.7256825614117073,stop,-21.545312499998545,-502.596874999968,-1.005193749999936,1.4236824093086926,13.696875,32.9875
2025-07-25,2025-07-24 21:25:00-04:00,es4,ES,short,fade,B,B-,ESU5,6415.5,6415.75,6420.477455357143,4.977455357143299,0.7208107059736869,False,False,18,6411.75,0.7533970133189161,stop,-5.977455357143299,-584.7709821428969,-1.1695419642857936,0.0753397013318983,3.3183035714285714,6.905357142857143
2025-07-25,2025-07-24 22:30:00-04:00,es5,ES,short,fade,C,C+/B-,ESU5,6418.25,6418.75,6423.227455357143,4.977455357143299,0.7208107059736869,False,False,18,6399.25,3.8172115341491746,be,-0.75,-114.30000000000001,-0.22860000000000003,0.1506794026637966,3.3183035714285714,6.905357142857143
2025-07-25,2025-07-24 22:55:00-04:00,nq1,NQ,short,fade,B,B+,NQU5,23424.75,23436.5,23445.2953125,20.545312499998545,0.6228211443728244,False,False,11,23345.0,3.8816640048675652,target,79.25,1714.9,3.4298,0.8578599133013917,13.696875,32.9875
2025-07-25,2025-07-25 09:35:00-04:00,nq3,NQ,long,fade,B,B,NQU5,23345.0,23330.75,23324.4546875,20.545312499998545,0.6228211443728244,False,False,11,23380.0,1.703551600882317,target,34.5,730.4,1.4607999999999999,1.0403832991101984,13.696875,32.9875
2025-07-25,2025-07-25 09:35:00-04:00,nq4,NQ,long,fade,B,B+,NQU5,23345.0,23330.75,23324.4546875,20.545312499998545,0.6228211443728244,False,False,11,23380.0,1.703551600882317,target,34.5,730.4,1.4607999999999999,1.0403832991101984,13.696875,32.9875
2025-07-28,2025-07-28 11:15:00-04:00,nq3,NQ,short,fade,C,C,NQU5,23469.0,23585.25,23585.5,116.5,4.43191467681125,False,False,2,23430.0,0.33476394849785407,close,-23.0,-97.2,-0.19440000000000002,10.863126277585415,10.701339285714287,26.286607142857143
2025-07-28,2025-07-28 11:15:00-04:00,nq4,NQ,short,fade,C,C+/B-,NQU5,23469.0,23585.25,23585.5,116.5,4.43191467681125,False,False,2,23430.0,0.33476394849785407,close,-23.0,-97.2,-0.19440000000000002,10.863126277585415,10.701339285714287,26.286607142857143
2025-07-29,2025-07-28 18:55:00-04:00,nq5,NQ,short,fade,C,C+,NQU5,23529.0,23531.0,23548.06808035714,19.068080357141298,0.7847090812220335,False,False,12,23487.0,2.2026338893768265,stop,-20.068080357141298,-512.8339285713912,-1.0256678571427824,0.15733099209833187,12.712053571428571,24.29955357142857
2025-07-29,2025-07-29 10:55:00-04:00,es2,ES,long,fade,A,A-/B+,ESU5,6418.25,6418.25,6413.860491071428,4.3895089285715585,0.902809659351785,False,False,20,6425.0,1.5377574370708926,be,-0.75,-127.0,-0.254,0.0,2.9263392857142856,4.8620535714285715
2025-07-29,2025-07-29 15:40:00-04:00,nq4,NQ,long,fade,A,A/A+,NQU5,23436.75,23421.25,23417.68191964286,19.068080357141298,0.7847090812220335,False,False,12,23469.0,1.691308165057206,be,-0.75,-49.2,-0.0984,1.2193151887620721,12.712053571428571,24.29955357142857
2025-07-29,2025-07-29 15:40:00-04:00,es3,ES,long,fade,A,A/A+,ESU5,6396.25,6396.25,6391.860491071428,4.3895089285715585,0.902809659351785,False,False,20,6415.5,4.385456394609583,close,9.25,873.0,1.746,0.0,2.9263392857142856,4.8620535714285715
2025-08-04,2025-08-03 18:05:00-04:00,es5,ES,long,fade,C,C+/B-,ESU5,6253.0,6251.25,6240.682589285714,12.31741071428587,0.703349648210471,False,False,7,6280.0,2.192019136674975,target,26.5,909.3,1.8186,0.21311297162118079,8.211607142857144,17.512499999999996
2025-08-04,2025-08-03 20:25:00-04:00,nq1,NQ,short,fade,B,B/B-,NQU5,22945.0,22945.0,22997.20535714286,52.2053571428587,0.6985704813051661,False,False,4,22859.0,1.647340516504141,stop,-53.2053571428587,-436.0428571428696,-0.8720857142857392,0.0,34.80357142857143,74.73169642857142
2025-08-04,2025-08-03 21:05:00-04:00,es1,ES,short,fade,B,B+/A-,ESU5,6280.0,6283.0,6292.317410714286,12.31741071428587,0.703349648210471,False,False,7,6253.0,2.192019136674975,stop,-13.31741071428587,-484.30937500000545,-0.9686187500000109,0.36533652277916706,8.211607142857144,17.512499999999996
2025-08-04,2025-08-03 23:20:00-04:00,es2,ES,short,fade,B,B-,ESU5,6287.0,6288.75,6299.317410714286,12.31741071428587,0.703349648210471,False,False,7,6264.0,1.867275560871275,stop,-13.31741071428587,-484.30937500000545,-0.9686187500000109,0.21311297162118079,8.211607142857144,17.512499999999996
2025-08-04,2025-08-04 00:05:00-04:00,nq2,NQ,short,fade,B,B/B-,NQU5,22983.0,22988.5,23035.20535714286,52.2053571428587,0.6985704813051661,False,False,4,22849.0,2.566786386180871,stop,-53.2053571428587,-436.0428571428696,-0.8720857142857392,0.15802975885069265,34.80357142857143,74.73169642857142
2025-08-04,2025-08-04 02:10:00-04:00,es3,ES,short,fade,B,B/B-,ESU5,6292.0,6293.0,6304.317410714286,12.31741071428587,0.703349648210471,False,False,7,6264.0,2.2732050306259,be,-0.75,-44.45,-0.0889,0.12177884092638902,8.211607142857144,17.512499999999996
2025-08-11,2025-08-10 19:10:00-04:00,es4,ES,short,fade,B,B/B-,ESU5,6419.0,6425.5,6425.75,6.75,0.6403794841387489,False,False,13,6401.5,2.5925925925925926,stop,-7.75,-537.55,-1.0751,1.9203376417831703,3.384821428571429,10.540625
2025-08-11,2025-08-11 14:45:00-04:00,es1,ES,long,fade,A,A,ESU5,6401.5,6396.25,6396.0,5.5,0.5217906907797213,False,False,16,6416.5,2.727272727272727,be,-0.75,-101.6,-0.2032,1.551041941440253,3.384821428571429,10.540625
2025-08-11,2025-08-11 14:45:00-04:00,nq1,NQ,long,fade,A,A,NQU5,23660.0,23650.75,23637.996205357143,22.00379464285652,0.46053258584441586,False,False,11,23700.0,1.8178682654169338,be,-0.75,-45.1,-0.0902,0.630573054566481,14.669196428571428,47.779017857142854
2025-08-15,2025-08-14 19:05:00-04:00,nq1,NQ,long,fade,B,B+/A-,NQU5,23903.0,23871.0,23870.75,32.25,0.7696323364904168,False,False,7,23952.0,1.5193798449612403,target,48.5,660.8,1.3215999999999999,1.6620678461288751,19.253125,41.903125
2025-08-15,2025-08-14 20:45:00-04:00,es2,ES,short,fade,B,B+/A-,ESU5,6495.0,6496.0,6501.0924107142855,6.092410714285506,0.7033810947324779,False,False,15,6482.0,2.1338023008720595,stop,-7.092410714285506,-570.930803571413,-1.141861607142826,0.24620795779292148,4.061607142857143,8.661607142857141
2025-08-15,2025-08-15 02:55:00-04:00,nq2,NQ,short,fade,B,B+/A-,NQU5,23952.0,23960.25,23980.8796875,28.879687500000728,0.6892012827205781,False,False,8,23903.0,1.6966942595898507,target,48.5,755.2,1.5104000000000002,0.42850186658010064,19.253125,41.903125
2025-08-18,2025-08-17 20:15:00-04:00,es1,ES,short,fade,B,B/B+,ESU5,6483.0,6483.0,6488.825892857143,5.825892857143117,0.7026328541431424,False,False,15,6461.5,3.690421455938533,target,21.0,1536.0,3.072,0.0,3.8839285714285716,8.291517857142857
2025-08-18,2025-08-18 02:45:00-04:00,es3,ES,long,fade,A,A+,ESU5,6461.5,6461.25,6455.674107142857,5.825892857143117,0.7026328541431424,False,False,15,6483.0,3.690421455938533,be,-0.75,-95.25,-0.1905,0.06436781609195402,3.8839285714285716,8.291517857142857
2025-08-18,2025-08-18 03:30:00-04:00,es2,ES,short,break,B,B-,ESU5,6460.0,6463.0,6465.825892857143,5.825892857143117,0.7026328541431424,False,False,15,6435.0,4.29118773946341,stop,-6.825892857143117,-550.9419642857338,-1.1018839285714674,0.7724137931034483,3.8839285714285716,8.291517857142857
2025-08-21,2025-08-20 19:45:00-04:00,es1,ES,short,break,A,A/A-,ESU5,6408.5,6411.0,6418.147544642857,9.647544642856701,0.8816294060051817,False,False,9,6387.5,2.176719650170156,stop,-10.647544642856701,-502.5395089285515,-1.005079017857103,0.38869993753036725,6.431696428571428,10.942857142857141
2025-08-21,2025-08-21 06:25:00-04:00,es3,ES,long,fade,B,B/B+,ESU5,6396.0,6395.0,6386.352455357143,9.647544642856701,0.8816294060051817,False,False,9,6408.5,1.2956664584346167,be,-0.75,-57.150000000000006,-0.11430000000000001,0.1554799750121469,6.431696428571428,10.942857142857141
2025-08-21,2025-08-21 08:55:00-04:00,es2,ES,long,fade,B,B+/A-,ESU5,6385.5,6384.75,6375.852455357143,9.647544642856701,0.8816294060051817,False,False,9,6408.5,2.3840262835196944,be,-0.75,-57.150000000000006,-0.11430000000000001,0.11660998125911017,6.431696428571428,10.942857142857141
2025-08-26,2025-08-25 18:20:00-04:00,nq3,NQ,short,fade,B,B-,NQU5,23518.0,23518.0,23537.182589285716,19.18258928571595,0.4915011896047278,False,False,12,23438.0,4.170448462844946,target,79.5,1876.8,3.7536,0.0,12.788392857142856,39.02857142857143
2025-08-26,2025-08-25 19:30:00-04:00,nq2,NQ,long,fade,C,C+B-,NQU5,23499.0,23497.25,23479.817410714284,19.18258928571595,0.4915011896047278,False,False,12,23612.0,5.890758453768486,stop,-20.18258928571595,-515.5821428571828,-1.0311642857143657,0.13684284018711165,12.788392857142856,39.02857142857143
2025-08-26,2025-08-25 20:00:00-04:00,nq4,NQ,short,break,B,B/B-,NQU5,23485.0,23499.0,23504.182589285716,19.18258928571595,0.4915011896047278,False,False,12,23438.0,2.4501384719214054,be,-0.75,-49.2,-0.0984,1.0947427214968932,12.788392857142856,39.02857142857143
2025-08-26,2025-08-25 20:05:00-04:00,nq5,NQ,long,fade,B,B-,NQU5,23443.25,23410.0,23409.75,33.5,0.8583455344070278,False,False,7,23518.0,2.2313432835820897,be,-0.75,-28.7,-0.0574,2.600013963555121,12.788392857142856,39.02857142857143
2025-08-26,2025-08-25 20:45:00-04:00,es4,ES,long,fade,B,B/B-,ESU5,6435.0,6430.75,6430.5,4.5,0.6115762650163815,False,False,20,6451.0,3.5555555555555554,target,15.5,1498.0,2.996,1.5596330275229358,2.725,7.358035714285714
2025-08-26,2025-08-26 10:20:00-04:00,nq1,NQ,long,break,B,B/B+,NQU5,23532.0,23518.0,23512.817410714284,19.18258928571595,0.4915011896047278,False,False,12,23612.0,4.170448462844946,be,-0.75,-49.2,-0.0984,1.0947427214968932,12.788392857142856,39.02857142857143
2025-08-26,2025-08-26 12:25:00-04:00,es2,ES,short,fade,B,B-,ESU5,6464.0,6464.75,6468.0875,4.087499999999636,0.5555151073898305,False,False,21,6453.25,2.6299694189604788,be,-0.75,-133.35,-0.2667,0.27522935779816515,2.725,7.358035714285714
2025-08-26,2025-08-26 14:40:00-04:00,es1,ES,long,fade,B,B-,ESU5,6466.0,6430.75,6430.5,35.5,4.824657201795898,False,False,2,6483.0,0.4788732394366197,target,16.5,159.8,0.3196,12.935779816513762,2.725,7.358035714285714
2025-08-26,2025-08-26 15:35:00-04:00,es3,ES,short,fade,C,C+/B-,ESU5,6475.0,6478.5,6479.0875,4.087499999999636,0.5555151073898305,False,False,21,6466.0,2.201834862385517,be,-0.75,-133.35,-0.2667,1.2844036697247705,2.725,7.358035714285714
2025-08-27,2025-08-26 18:05:00-04:00,es1,ES,long,break,B,B/B-,ESU5,6486.0,6483.0,6481.617857142857,4.382142857142753,0.7822137222089224,False,False,20,6496.0,2.2819885900571037,stop,-5.382142857142753,-590.2142857142753,-1.1804285714285507,1.0268948655256722,2.9214285714285717,5.602232142857143
2025-08-27,2025-08-27 09:10:00-04:00,es2,ES,long,fade,B,B/B+,ESU5,6477.0,6475.75,6472.617857142857,4.382142857142753,0.7822137222089224,False,False,20,6496.0,4.3357783211084975,stop,-5.382142857142753,-590.2142857142753,-1.1804285714285507,0.4278728606356968,2.9214285714285717,5.602232142857143
2025-08-27,2025-08-27 09:10:00-04:00,nq1,NQ,long,fade,B,B/B+,NQU5,23556.0,23551.5,23534.98660714286,21.013392857141298,0.7104476710839573,False,False,11,23612.0,2.6649670703209964,stop,-22.013392857141298,-512.8946428571086,-1.0257892857142172,0.32122370936902483,14.008928571428573,29.57767857142857
2025-08-27,2025-08-27 09:25:00-04:00,nq3,NQ,short,break,B,B-,NQU5,23548.0,23556.0,23569.01339285714,21.013392857141298,0.7104476710839573,False,False,11,23499.0,2.331846186530872,be,-6.75,-177.1,-0.3542,0.5710643722115997,14.008928571428573,29.57767857142857
2025-08-29,2025-08-28 22:55:00-04:00,nq2,NQ,long,fade,B,B/B+,NQU5,23724.0,23717.75,23704.409598214286,19.590401785713766,0.49232607451784227,False,False,12,23803.75,4.070871076169424,stop,-20.590401785713766,-525.3696428571304,-1.0507392857142608,0.47855067509827387,13.060267857142856,39.79151785714286
2025-08-29,2025-08-29 04:50:00-04:00,es5,ES,short,fade,C,C+/B-,ESU5,6496.0,6516.75,6517.0,21.0,3.084792445406257,False,False,4,6480.75,0.7261904761904762,target,14.75,284.6,0.5692,7.633437346033831,2.7183035714285717,6.807589285714284
2025-09-02,2025-09-01 18:25:00-04:00,nq4,NQ,short,fade,B,B-,NQU5,23485.0,23509.5,23509.75,24.75,0.6368826752748453,False,False,9,23438.0,1.898989898989899,target,46.5,813.6,1.6272,2.2767060775772663,10.761160714285714,38.86116071428571
2025-09-02,2025-09-01 19:25:00-04:00,nq3,NQ,long,fade,B,B/B+,NQU5,23438.0,23428.25,23421.858258928572,16.141741071427532,0.4153695045319036,False,False,15,23485.0,2.9117057318677113,be,-0.75,-61.5,-0.123,0.9060360920970754,10.761160714285714,38.86116071428571
2025-09-02,2025-09-02 03:15:00-04:00,es3,ES,long,fade,B,B-/B,ESU5,6459.5,6456.25,6456.0,3.5,0.483294291702626,False,False,25,6474.0,4.142857142857143,stop,-4.5,-627.5,-1.255,1.4421553090332806,2.2535714285714286,7.241964285714286
2025-09-02,2025-09-02 03:25:00-04:00,es1,ES,long,fade,B,B/B+,ESU5,6455.5,6452.5,6452.119642857143,3.380357142857065,0.46677351744543366,False,False,25,6474.0,5.4727945060751395,be,-1.25,-221.25,-0.4425,1.3312202852614896,2.2535714285714286,7.241964285714286
2025-09-08,2025-09-07 19:25:00-04:00,es3,ES,long,break,C,C+/B-,ESU5,6502.5,6496.0,6493.547544642857,8.952455357142753,0.8536310233270801,False,False,10,6520.0,1.954770987608171,be,-0.75,-63.5,-0.127,1.0890866930959682,5.968303571428572,10.4875
2025-09-08,2025-09-07 22:20:00-04:00,es1,ES,short,fade,A,A/A+,ESU5,6496.0,6507.5,6507.75,11.75,1.1203814064362336,False,False,8,6478.0,1.5319148936170213,stop,-12.75,-530.8,-1.0615999999999999,1.9268456877851745,5.968303571428572,10.4875
2025-09-15,2025-09-15 01:45:00-04:00,nq5,NQ,short,fade,B,B/B+,NQU5,24143.0,24144.0,24160.020982142858,17.020982142857974,0.6499991475868501,False,False,14,24105.0,2.2325386209246947,target,37.5,1013.6,2.0272,0.08812652451018962,11.34732142857143,26.186160714285712
2025-09-15,2025-09-15 01:45:00-04:00,es2,ES,short,fade,B,B-,ESU5,6596.0,6596.5,6599.839732142857,3.8397321428574287,0.6936290322581161,False,False,23,6588.0,2.083478665271325,stop,-4.839732142857429,-616.3691964286043,-1.2327383928572084,0.19532612486920126,2.5598214285714285,5.535714285714286
2025-09-19,2025-09-18 19:30:00-04:00,nq1,NQ,long,fade,B,B/B+,NQZ5,24740.0,24711.5,24711.25,28.75,0.47335538404998173,False,False,8,24780.0,1.391304347826087,stop,-29.75,-496.8,-0.9936,1.6928747580281616,16.835267857142856,60.73660714285713
2025-09-19,2025-09-19 02:35:00-04:00,es1,ES,long,fade,A,A/A-,ESZ5,6690.0,6684.25,6683.997991071428,6.00200892857174,0.4602231883065997,False,False,15,6707.0,2.8323849901445217,stop,-7.00200892857174,-564.1506696428805,-1.128301339285761,1.4370188552939864,4.001339285714286,13.041517857142859
2025-09-19,2025-09-19 02:35:00-04:00,es3,ES,long,fade,A,A/A+,ESZ5,6690.0,6684.25,6683.997991071428,6.00200892857174,0.4602231883065997,False,False,15,6707.0,2.8323849901445217,stop,-7.00200892857174,-564.1506696428805,-1.128301339285761,1.4370188552939864,4.001339285714286,13.041517857142859
2025-09-19,2025-09-19 09:30:00-04:00,es2,ES,short,fade,C,C+/B-,ESZ5,6707.0,6712.5,6713.002008928572,6.00200892857174,0.4602231883065997,False,False,15,6690.0,2.8323849901445217,be,-0.75,-95.25,-0.1905,1.3745397746290304,4.001339285714286,13.041517857142859
2025-09-19,2025-09-19 09:30:00-04:00,nq2,NQ,short,fade,C,C+/B-,NQZ5,24780.0,24784.75,24805.252901785716,25.25290178571595,0.4157772877618797,False,False,9,24740.0,1.5839763817806316,target,39.5,687.6,1.3752,0.2821457930046936,16.835267857142856,60.73660714285713
2025-09-22,2025-09-21 18:15:00-04:00,es3,ES,short,break,B,B-,ESZ5,6714.0,6718.0,6718.25,4.25,0.5561397359504615,False,False,21,6690.0,5.647058823529412,stop,-5.25,-605.85,-1.2117,1.4458609004356946,2.7665178571428575,7.641964285714286
2025-09-22,2025-09-21 18:25:00-04:00,nq2,NQ,long,fade,B,B/B-,NQZ5,24839.0,24826.75,24820.620982142857,18.37901785714348,0.538861256544521,False,False,13,24888.0,2.6660837037575913,be,-0.75,-53.300000000000004,-0.10660000000000001,0.9997813889091306,12.252678571428572,34.107142857142854
2025-09-22,2025-09-21 20:10:00-04:00,es2,ES,long,fade,B,B/B-,ESZ5,6718.0,6712.25,6712.0,6.0,0.7851384507535927,False,False,15,6729.0,1.8333333333333333,stop,-7.0,-564.0,-1.128,2.078425044376311,2.7665178571428575,7.641964285714286
2025-09-22,2025-09-22 04:10:00-04:00,nq4,NQ,long,fade,B,B,NQZ5,24800.0,24748.75,24748.5,51.5,1.5099476439790578,False,False,4,24888.0,1.7087378640776698,target,87.5,689.6,1.3792,4.182758871966771,12.252678571428572,34.107142857142854
2025-09-22,2025-09-22 10:50:00-04:00,es1,ES,long,break,B,B,ESZ5,6731.5,6731.5,6727.3502232142855,4.149776785714494,0.5430248860848502,False,False,21,6769.0,9.036630627722639,be,-0.75,-133.35,-0.2667,0.0,2.7665178571428575,7.641964285714286
2025-09-29,2025-09-28 18:25:00-04:00,es5,ES,short,fade,B,B-,ESZ5,6703.75,6703.75,6710.257589285714,6.507589285713948,0.513437356908853,False,False,14,6690.0,2.1129176099335667,stop,-7.507589285713948,-561.9312499999763,-1.1238624999999527,0.0,4.338392857142857,12.674553571428572
2025-09-30,2025-09-29 23:00:00-04:00,es1,ES,short,fade,B,B+,ESZ5,6716.0,6716.0,6721.294196428571,5.294196428571013,0.5971900493503409,False,False,17,6706.0,1.8888607808417033,be,-0.75,-107.95,-0.2159,0.0,3.529464285714286,8.86517857142857
2025-09-30,2025-09-30 03:35:00-04:00,nq3,NQ,long,fade,B,B+/A-,NQZ5,24780.5,24775.25,24754.797098214287,25.70290178571304,0.596361206923311,False,False,9,24844.0,2.4705381722812514,stop,-26.70290178571304,-504.05223214283467,-1.0081044642856694,0.3063856394758096,17.135267857142857,43.099553571428565
2025-09-30,2025-09-30 03:50:00-04:00,es3,ES,long,fade,B,B+,ESZ5,6696.25,6694.25,6690.955803571429,5.294196428571013,0.5971900493503409,False,False,17,6716.0,3.730500042162364,be,-0.75,-107.95,-0.2159,0.5666582342524664,3.529464285714286,8.86517857142857
2025-09-30,2025-09-30 08:35:00-04:00,es2,ES,long,fade,B,B/B-,ESZ5,6706.0,6694.25,6694.0,12.0,1.3536106355121362,False,False,8,6716.0,0.8333333333333334,stop,-13.0,-540.8,-1.0816,3.3291171262332404,3.529464285714286,8.86517857142857
2025-10-06,2025-10-05 18:10:00-04:00,nq3,NQ,short,fade,B,B+/A-,NQZ5,25035.0,25036.75,25077.730580357143,42.73058035714348,1.1344850065189214,False,False,5,24923.25,2.6152230806600363,stop,-43.73058035714348,-450.3058035714348,-0.9006116071428696,0.061431414646377594,28.487053571428568,37.66517857142857
2025-10-06,2025-10-05 20:30:00-04:00,es4,ES,short,fade,B,B,ESZ5,6776.0,6783.5,6784.691964285715,8.691964285714675,1.127780352177993,False,False,10,6760.0,1.8407806882382327,stop,-9.691964285714675,-510.5982142857338,-1.0211964285714676,1.2942989214175655,5.794642857142857,7.707142857142857
2025-10-06,2025-10-05 23:15:00-04:00,nq5,NQ,short,fade,B,B,NQZ5,25091.0,25095.75,25133.730580357143,42.73058035714348,1.1344850065189214,False,False,5,25046.0,1.0531099653664575,target,44.5,432.0,0.864,0.16674241118302488,28.487053571428568,37.66517857142857
2025-10-06,2025-10-06 00:45:00-04:00,es5,ES,short,fade,B,B,ESZ5,6787.5,6787.5,6796.191964285715,8.691964285714675,1.127780352177993,False,False,10,6772.0,1.783256291730788,target,15.0,724.0,1.448,0.0,5.794642857142857,7.707142857142857
2025-11-03,2025-11-02 19:10:00-05:00,es4,ES,short,fade,B,B/B+,ESZ5,6895.5,6896.5,6905.822544642857,10.322544642856883,0.7571218074655998,False,False,9,6880.0,1.501567737052692,target,15.0,651.6,1.3032000000000001,0.1453130068115472,6.881696428571428,13.633928571428573
2025-11-03,2025-11-03 01:20:00-05:00,nq4,NQ,short,fade,B,B-/B,NQZ5,26055.0,26123.0,26123.25,68.25,1.028836771089202,False,False,3,25969.0,1.26007326007326,stop,-69.25,-423.3,-0.8466,2.080845890083469,32.67901785714285,66.33705357142858
2025-11-03,2025-11-03 05:00:00-05:00,nq3,NQ,short,fade,B,B,NQZ5,26128.0,26156.0,26177.018526785716,49.01852678571595,0.7389313233958323,False,False,5,26069.0,1.2036265442639265,stop,-50.01852678571595,-513.1852678571595,-1.026370535714319,0.8568188959167226,32.67901785714285,66.33705357142858
2025-11-03,2025-11-03 10:10:00-05:00,es1,ES,long,fade,A,A- (hold) / A+ (LBAF),ESZ5,6869.0,6866.75,6858.677455357143,10.322544642856883,0.7571218074655998,False,False,9,6891.25,2.155476267704671,stop,-11.322544642856883,-532.9145089285597,-1.0658290178571195,0.3269542653259812,6.881696428571428,13.633928571428573
2025-11-03,2025-11-03 10:35:00-05:00,es2,ES,long,fade,A,A/A-,ESZ5,6857.0,6849.5,6846.677455357143,10.322544642856883,0.7571218074655998,False,False,9,6877.0,1.9375067574873448,target,19.5,854.1,1.7082,1.0898475510866041,6.881696428571428,13.633928571428573
2025-11-11,2025-11-10 19:05:00-05:00,es1,ES,short,fade,B,B+/A-,ESZ5,6865.0,6867.0,6872.020535714286,7.02053571428587,0.43855099138292614,False,False,13,6849.0,2.279028360676536,target,15.5,973.7,1.9474,0.42731781762686,4.680357142857143,16.008482142857144
2025-11-11,2025-11-11 04:05:00-05:00,nq2,NQ,long,fade,B,B/B+,NQZ5,25629.0,25623.5,25596.936160714286,32.063839285714494,0.4050930626057556,False,False,7,25686.0,1.777703521156164,stop,-33.063839285714494,-481.0937500000029,-0.9621875000000057,0.2572991938515517,21.37589285714286,79.15178571428571
2025-11-11,2025-11-11 08:30:00-05:00,es2,ES,long,fade,B,B/B-,ESZ5,6836.0,6835.75,6828.979464285714,7.02053571428587,0.43855099138292614,False,False,13,6849.0,1.8517105430496854,target,12.5,778.7,1.5574000000000001,0.0534147272033575,4.680357142857143,16.008482142857144
2025-12-02,2025-12-01 18:30:00-05:00,nq2,NQ,short,fade,B,B,NQZ5,25419.0,25420.5,25451.706696428573,32.706696428573196,0.6212256111521285,False,False,7,25331.0,2.690580511308428,be,-0.75,-28.7,-0.0574,0.0687932517095942,21.804464285714285,52.64866071428571
2025-12-02,2025-12-01 20:10:00-05:00,nq1,NQ,short,fade,B,B,NQZ5,25438.0,25443.5,25470.706696428573,32.706696428573196,0.6212256111521285,False,False,7,25388.0,1.5287389268797886,target,49.5,674.8,1.3496,0.2522419229351787,21.804464285714285,52.64866071428571
2025-12-02,2025-12-01 22:40:00-05:00,es3,ES,long,fade,B,B,ESZ5,6819.25,6815.25,6811.931473214286,7.318526785714312,0.7267910977123628,False,False,12,6836.5,2.3570317503888654,be,-0.75,-76.2,-0.1524,0.8198371305700429,4.879017857142857,10.069642857142858
2025-12-02,2025-12-02 03:15:00-05:00,es4,ES,long,fade,B,B+/A-,ESZ5,6812.75,6812.25,6805.431473214286,7.318526785714312,0.7267910977123628,False,False,12,6828.0,2.0837527068655186,target,14.75,853.8,1.7076,0.10247964132125537,4.879017857142857,10.069642857142858
2025-12-02,2025-12-02 04:30:00-05:00,es2,ES,short,fade,A,A/A-,ESZ5,6836.5,6837.0,6843.818526785714,7.318526785714312,0.7267910977123628,False,False,12,6819.25,2.3570317503888654,stop,-8.318526785714312,-530.3116071428587,-1.0606232142857175,0.10247964132125537,4.879017857142857,10.069642857142858
2025-12-02,2025-12-02 07:30:00-05:00,es1,ES,short,fade,A,A/A-,ESZ5,6841.0,6849.0,6849.25,8.25,0.8192942010994857,False,False,11,6828.0,1.5757575757575757,stop,-9.25,-537.35,-1.0747,1.6396742611400859,4.879017857142857,10.069642857142858
2025-12-02,2025-12-02 10:10:00-05:00,es6,ES,short,fade,B,B/B-,ESZ5,6855.75,6857.75,6863.068526785714,7.318526785714312,0.7267910977123628,False,False,12,6844.0,1.605514380699662,target,11.25,643.8,1.2875999999999999,0.40991856528502146,4.879017857142857,10.069642857142858
2025-12-08,2025-12-07 18:05:00-05:00,nq1,NQ,short,fade,A,A,NQZ5,25761.0,25770.0,25791.954910714285,30.95491071428478,0.5826561909163306,False,False,7,25700.0,1.9706081714475854,be,-0.75,-28.7,-0.0574,0.4361182018777311,20.636607142857144,53.12723214285713
2025-12-08,2025-12-08 00:00:00-05:00,es3,ES,short,fade,A,A,ESZ5,6890.5,6891.5,6897.480357142857,6.980357142857429,0.6625423728813832,False,False,13,6873.0,2.5070350473265792,be,-0.75,-82.55000000000001,-0.16510000000000002,0.21488871834228704,4.6535714285714285,10.535714285714285
2025-12-08,2025-12-08 10:20:00-05:00,es1,ES,long,fade,A,A,ESZ5,6866.5,6866.0,6859.519642857143,6.980357142857429,0.6625423728813832,False,False,13,6880.0,1.933998465080504,stop,-7.980357142857429,-552.5232142857328,-1.1050464285714656,0.10744435917114352,4.6535714285714285,10.535714285714285
2025-12-08,2025-12-08 10:30:00-05:00,nq2,NQ,long,fade,A,A,NQZ5,25669.0,25657.0,25638.045089285715,30.95491071428478,0.5826561909163306,False,False,7,25726.0,1.8413879634838093,be,-0.75,-28.7,-0.0574,0.5814909358369749,20.636607142857144,53.12723214285713
2025-12-09,2025-12-08 18:05:00-05:00,es1,ES,short,fade,B,B/B-,ESZ5,6866.5,6866.75,6873.695982142857,7.195982142857247,0.769256466545778,False,False,12,6853.0,1.8760469011725023,be,-0.75,-76.2,-0.1524,0.05211241392145914,4.797321428571429,9.354464285714286
2025-12-09,2025-12-09 05:40:00-05:00,es2,ES,long,fade,B,B/B-,ESZ5,6853.0,6844.75,6844.5,8.5,0.9086570583182209,False,False,11,6866.5,1.588235294117647,be,-0.75,-69.85,-0.1397,1.7197096594081516,4.797321428571429,9.354464285714286
2025-12-15,2025-12-15 09:30:00-05:00,nq2,NQ,short,fade,A,A+,NQZ5,25369.0,25410.0,25420.786160714284,51.78616071428405,0.6730274952569161,False,False,4,25237.0,2.5489435435902235,target,131.5,1041.6,2.0831999999999997,1.1875759691726795,34.52410714285715,76.94508928571427
2025-12-15,2025-12-15 10:40:00-05:00,nq3,NQ,long,fade,A,A+ (if ES in LBAF) / B+/A- (if ES holding Friday's low),NQZ5,25118.0,25033.25,25033.0,85.0,1.104683882871018,False,False,2,25369.0,2.9529411764705884,be,-0.75,-8.2,-0.016399999999999998,2.454806424082551,34.52410714285715,76.94508928571427
2026-03-23,2026-03-22 18:05:00-04:00,es4,ES,long,fade,B,B-,ESM6,6523.75,6505.0,6504.75,19.0,1.033185249921103,False,False,5,6587.0,3.3289473684210527,be,-0.75,-31.75,-0.0635,2.2925764192139737,8.178571428571429,18.389732142857145
2026-03-23,2026-03-22 18:20:00-04:00,es3,ES,long,fade,B,B,ESM6,6543.0,6505.0,6504.75,38.25,2.079965042604326,False,False,2,6587.0,1.1503267973856208,stop,-39.25,-397.7,-0.7954,4.646288209606987,8.178571428571429,18.389732142857145
2026-03-23,2026-03-22 19:05:00-04:00,nq3,NQ,long,fade,B,B,NQM6,24069.0,23890.0,23889.75,179.25,2.260098167244563,False,False,1,24222.0,0.8535564853556485,stop,-180.25,-363.1,-0.7262000000000001,5.350342269251812,33.45580357142857,79.31071428571428
2026-03-30,2026-03-29 23:05:00-04:00,nq2,NQ,long,fade,B,B-,NQM6,23269.0,23093.0,23092.75,176.25,2.633984268148672,False,False,1,23369.0,0.5673758865248227,target,99.5,196.4,0.39280000000000004,6.012964233966293,29.27008928571429,66.91383928571429
2026-03-30,2026-03-30 00:10:00-04:00,es1,ES,short,fade,B,B-,ESM6,6412.5,6413.25,6422.833258928571,10.333258928571013,0.6800993124522263,False,False,9,6398.25,1.379042187803827,stop,-11.333258928571013,-533.3966517856956,-1.066793303571391,0.1088717516687188,6.888839285714286,15.19375
2026-03-30,2026-03-30 02:10:00-04:00,nq3,NQ,short,fade,A,A/A-,NQM6,23369.0,23371.75,23412.905133928572,43.90513392857247,0.6561442953691936,False,False,5,23290.0,1.7993339942550224,stop,-44.90513392857247,-462.0513392857247,-0.9241026785714493,0.09395256615572332,29.27008928571429,66.91383928571429
2026-03-30,2026-03-30 02:55:00-04:00,nq4,NQ,short,fade,A,A/A-,NQM6,23409.0,23416.0,23452.905133928572,43.90513392857247,0.6561442953691936,False,False,5,23309.0,2.2776379674114207,be,-0.75,-20.5,-0.041,0.2391519865782048,29.27008928571429,66.91383928571429
2026-03-30,2026-03-30 04:20:00-04:00,es2,ES,short,fade,A,A/A-,ESM6,6441.0,6444.0,6451.333258928571,10.333258928571013,0.6800993124522263,False,False,9,6416.0,2.41937225930496,stop,-11.333258928571013,-533.3966517856956,-1.066793303571391,0.4354870066748752,6.888839285714286,15.19375
2026-03-31,2026-03-30 20:50:00-04:00,nq2,NQ,short,fade,A,A+,NQM6,23269.0,23283.75,23314.392410714285,45.39241071428478,0.6400098192873331,False,False,5,23162.0,2.357222238613725,target,106.5,1052.0,2.104,0.48741628064792136,30.261607142857144,70.92455357142858
2026-03-31,2026-03-30 20:55:00-04:00,es2,ES,short,fade,A,A+,ESM6,6412.5,6428.5,6428.75,16.25,0.9725079483822704,False,False,5,6383.0,1.8153846153846154,stop,-17.25,-444.25,-0.8885,2.2646278276254264,7.065178571428572,16.709375
2026-04-06,2026-04-05 18:05:00-04:00,es3,ES,short,break,B,B+/A-,ESM6,6583.0,6587.0,6594.514508928572,11.514508928571558,0.6106468109285547,False,False,8,6528.0,4.776582339827415,be,-0.75,-50.8,-0.1016,0.5210817097993602,7.6763392857142865,18.85625
2026-04-06,2026-04-05 18:05:00-04:00,nq3,NQ,short,break,B,B+/A-,NQM6,24004.0,24043.0,24053.166517857142,49.166517857142026,0.577462130149582,False,False,5,23763.5,4.891540228632736,stop,-50.166517857142026,-514.6651785714203,-1.0293303571428405,1.1898341096674023,32.77767857142857,85.14241071428572
2026-04-06,2026-04-05 18:20:00-04:00,nq2,NQ,long,fade,A,A/A-,NQM6,24043.0,23981.5,23981.25,61.75,0.7252554805761355,False,False,4,24149.0,1.7165991902834008,target,105.5,833.6,1.6672,1.87627686524475,32.77767857142857,85.14241071428572
2026-04-06,2026-04-05 18:35:00-04:00,es2,ES,long,fade,A,A/A-,ESM6,6587.0,6567.0,6566.75,20.25,1.0739144845873385,False,False,4,6618.0,1.5308641975308641,target,30.5,599.6,1.1992,2.605408548996801,7.6763392857142865,18.85625
2026-04-06,2026-04-05 22:50:00-04:00,nq1,NQ,short,fade,B,B+/A-,NQM6,24243.0,24326.75,24327.0,84.0,0.9865823541440548,False,False,2,24098.0,1.7261904761904763,be,-0.75,-8.2,-0.016399999999999998,2.55509247909346,32.77767857142857,85.14241071428572
2026-04-06,2026-04-06 03:55:00-04:00,es1,ES,short,fade,B,B+/A-,ESM6,6639.0,6639.5,6650.514508928572,11.514508928571558,0.6106468109285547,False,False,8,6600.0,3.387031113695804,stop,-12.514508928571558,-521.3803571428623,-1.0427607142857247,0.06513521372492002,7.6763392857142865,18.85625
2026-04-27,2026-04-26 18:15:00-04:00,nq1,NQ,long,fade,A,A+,NQM6,27360.0,27344.25,27326.604910714286,33.395089285713766,0.43422610755084295,False,False,7,27462.5,3.069313548559636,target,102.0,1409.8,2.8196,0.7074393422899538,22.26339285714286,76.90714285714287
2026-04-27,2026-04-26 20:15:00-04:00,es1,ES,long,fade,A,A+,ESM6,7182.0,7171.5,7171.25,10.75,0.7562576552243961,False,False,8,7200.5,1.7209302325581395,target,18.0,699.2,1.3984,2.362157276288038,4.445089285714286,14.214732142857144
2026-04-27,2026-04-26 20:50:00-04:00,es2,ES,long,fade,A,A+,ESM6,7185.75,7171.5,7171.25,14.5,1.0200684651863947,False,False,6,7200.5,1.0172413793103448,target,14.25,411.9,0.8238,3.2057848749623377,4.445089285714286,14.214732142857144
2026-05-13,2026-05-12 19:45:00-04:00,nq3,NQ,long,fade,B,B+,NQM6,29081.0,29077.5,29022.08549107143,58.914508928570285,0.7626473647711364,False,False,4,29188.0,1.8161909849699334,target,106.5,841.6,1.6832,0.0891121744961866,39.276339285714286,77.25
2026-05-13,2026-05-12 21:30:00-04:00,nq1,NQ,short,fade,B,B-,NQM6,29188.0,29203.25,29246.91450892857,58.914508928570285,0.7626473647711364,False,False,4,29126.0,1.0523723464311763,stop,-59.914508928570285,-489.71607142856226,-0.9794321428571245,0.3882744745905273,39.276339285714286,77.25
2026-05-13,2026-05-12 21:55:00-04:00,nq2,NQ,short,fade,B,B/B-,NQM6,29218.0,29260.25,29276.91450892857,58.914508928570285,0.7626473647711364,False,False,4,29081.0,2.325403410662438,stop,-59.914508928570285,-489.71607142856226,-0.9794321428571245,1.0757112492753953,39.276339285714286,77.25
2026-05-13,2026-05-13 09:50:00-04:00,es1,ES,long,fade,A,A/A-,ESM6,7408.0,7399.0,7398.75,9.25,0.8345416465281135,False,False,10,7428.0,2.1621621621621623,target,19.5,949.0,1.898,1.54364471669219,5.830357142857142,11.08392857142857
2026-05-19,2026-05-18 18:20:00-04:00,nq2,NQ,long,break,B,B/B-,NQM6,29135.0,29114.0,29051.646875,83.35312500000146,0.8409912933026592,False,False,2,29280.0,1.7395868481235404,stop,-84.35312500000146,-342.6125000000058,-0.6852250000000116,0.37791024631649983,55.56875,99.11294642857142
2026-05-19,2026-05-18 19:45:00-04:00,es1,ES,short,fade,C,C+,ESM6,7433.0,7438.75,7447.405357142857,14.405357142856701,0.8585568326947373,False,False,6,7415.0,1.24953514317594,target,17.5,509.4,1.0188,0.598735589438453,9.603571428571428,16.778571428571432
2026-05-19,2026-05-18 20:00:00-04:00,nq1,NQ,short,fade,B,B/B+,NQM6,29114.0,29185.0,29197.353125,83.35312500000146,0.8409912933026592,False,False,2,28990.0,1.4876466839125448,target,123.5,488.8,0.9776,1.2776965470700707,55.56875,99.11294642857142
2026-05-19,2026-05-18 22:15:00-04:00,es3,ES,long,fade,C,C+/B-,ESM6,7403.0,7402.75,7388.594642857143,14.405357142856701,0.8585568326947373,False,False,6,7433.0,2.0825585719599,be,-0.75,-38.1,-0.0762,0.026031982149497958,9.603571428571428,16.778571428571432
2026-05-19,2026-05-18 22:20:00-04:00,nq3,NQ,long,fade,B,B/B-,NQM6,28969.0,28929.75,28885.646875,83.35312500000146,0.8409912933026592,False,False,2,29114.0,1.7395868481235404,stop,-84.35312500000146,-342.6125000000058,-0.6852250000000116,0.7063322460915532,55.56875,99.11294642857142
2026-05-19,2026-05-19 09:25:00-04:00,nq4,NQ,long,fade,B,B-,NQM6,28814.75,28802.75,28731.396875,83.35312500000146,0.8409912933026592,False,False,2,28955.0,1.6826003824091484,target,139.75,553.8,1.1076,0.21594871218085704,55.56875,99.11294642857142
2026-05-19,2026-05-19 09:45:00-04:00,es4,ES,long,fade,B,B/B-,ESM6,7373.5,7370.0,7359.094642857143,14.405357142856701,0.8585568326947373,False,False,6,7398.0,1.700756167100585,target,24.0,704.4,1.4088,0.3644477500929714,9.603571428571428,16.778571428571432
2026-05-20,2026-05-19 19:35:00-04:00,es4,ES,short,fade,B,B/B+,ESM6,7389.0,7393.75,7399.1939732142855,10.193973214285506,0.5523718522460517,False,False,9,7373.0,1.569554840263668,target,15.5,674.1,1.3482,0.6989423898049006,6.795982142857142,18.454910714285717
2026-05-20,2026-05-19 19:45:00-04:00,nq2,NQ,short,fade,B,B-,NQM6,28990.0,29024.25,29052.237946428573,62.237946428573196,0.5735366716582632,False,False,3,28880.0,1.7674104997381377,target,109.5,649.2,1.2984,0.8254610402186311,41.49196428571428,108.51607142857142
2026-05-20,2026-05-19 20:00:00-04:00,es1,ES,short,fade,C,C+,ESM6,7380.0,7393.75,7394.0,14.0,0.7586056750284235,False,False,6,7354.25,1.8392857142857142,be,-0.75,-38.1,-0.0762,2.0232542862773437,6.795982142857142,18.454910714285717
2026-05-20,2026-05-19 20:15:00-04:00,es2,ES,long,fade,C,C+,ESM6,7360.0,7356.0,7349.8060267857145,10.193973214285506,0.5523718522460517,False,False,9,7380.0,1.9619435503295852,target,19.5,854.1,1.7082,0.5885830650988637,6.795982142857142,18.454910714285717
2026-05-20,2026-05-19 20:25:00-04:00,nq1,NQ,long,fade,B,B+/A-,NQM6,28880.0,28797.25,28797.0,83.0,0.7648636640392306,False,False,2,29069.0,2.2771084337349397,be,-0.75,-8.2,-0.016399999999999998,1.994362075272751,41.49196428571428,108.51607142857142
2026-05-21,2026-05-20 18:10:00-04:00,es3,ES,long,fade,C,C,ESM6,7415.0,7407.5,7405.923660714286,9.076339285714312,0.6068592919825699,False,False,10,7455.0,4.40706310560227,be,-0.75,-63.5,-0.127,1.2394864984506417,6.050892857142857,14.95625
2026-05-21,2026-05-20 21:00:00-04:00,es2,ES,long,fade,B,B+,ESM6,7424.0,7407.5,7407.25,16.75,1.1199331383201003,False,False,5,7455.0,1.8507462686567164,target,30.5,749.5,1.499,2.7268702965914122,6.050892857142857,14.95625
2026-05-21,2026-05-20 21:00:00-04:00,nq2,NQ,long,fade,B,B+/A-,NQM6,29234.0,29113.0,29112.75,121.25,1.3930276810397446,False,False,2,29383.0,1.2288659793814434,target,148.5,588.8,1.1776,3.7175618587809294,32.54821428571429,87.04062499999999
2026-05-21,2026-05-21 00:15:00-04:00,nq1,NQ,short,fade,B,B-/C+,NQM6,29383.0,29390.25,29431.82232142857,48.82232142857174,0.5609141872381057,False,False,5,29280.0,2.1096907518150596,stop,-49.82232142857174,-511.2232142857174,-1.0224464285714348,0.22274647500960112,32.54821428571429,87.04062499999999
2026-05-21,2026-05-21 01:05:00-04:00,es1,ES,short,fade,B,B,ESM6,7455.0,7457.5,7464.076339285714,9.076339285714312,0.6068592919825699,False,False,10,7424.0,3.415473906841759,be,-0.75,-63.5,-0.127,0.41316216615021395,6.050892857142857,14.95625
2026-05-22,2026-05-21 19:55:00-04:00,es3,ES,short,fade,B,B-,ESM6,7482.0,7484.0,7495.111607142857,13.111607142856883,0.9195366311834506,False,False,7,7458.0,1.830439223697687,stop,-14.111607142856883,-512.106249999991,-1.024212499999982,0.22880490296220637,8.741071428571427,14.258928571428573
2026-05-22,2026-05-22 06:15:00-04:00,nq1,NQ,short,fade,B,B-,NQM6,29469.0,29665.25,29665.5,196.5,2.5815230141228356,False,False,1,29397.0,0.366412213740458,stop,-197.5,-397.6,-0.7952,4.334237121025389,45.279017857142854,76.11785714285715
2026-05-29,2026-05-28 18:05:00-04:00,nq5,NQ,short,fade,B,B-,NQM6,30344.5,30362.0,30375.514508928572,31.014508928572468,0.4862773508042664,False,False,7,30269.0,2.4343445248118942,target,75.0,1031.8,2.0636,0.846378063262442,20.676339285714285,63.77946428571429
2026-05-29,2026-05-28 20:50:00-04:00,nq6,NQ,short,fade,C,C/C+,NQM6,30242.0,30362.0,30362.25,120.25,1.8854031050074893,False,False,2,30129.0,0.9397089397089398,stop,-121.25,-490.2,-0.9803999999999999,5.803735290942459,20.676339285714285,63.77946428571429
2026-05-29,2026-05-28 23:45:00-04:00,nq1,NQ,long,fade,A,A/A-,NQM6,30269.0,30216.5,30216.25,52.75,0.827068721739252,False,False,4,30344.5,1.4312796208530805,target,75.0,589.6,1.1792,2.539134189787326,20.676339285714285,63.77946428571429
2026-06-01,2026-05-31 18:05:00-04:00,es1,ES,long,fade,B,B/B+,ESM6,7587.0,7585.25,7579.864955357143,7.135044642856883,0.7978484424919837,False,False,13,7598.0,1.5416862193024181,target,10.5,648.7,1.2974,0.3679023932426091,4.756696428571429,8.942857142857143
2026-06-01,2026-05-31 19:05:00-04:00,es3,ES,short,fade,C,C-,ESM6,7604.0,7604.0,7611.135044642857,7.135044642856883,0.7978484424919837,False,False,13,7591.0,1.8219928046301306,stop,-8.135044642856883,-562.5779017856973,-1.1251558035713947,0.0,4.756696428571429,8.942857142857143
2026-06-01,2026-05-31 20:10:00-04:00,es2,ES,short,fade,C,C,ESM6,7610.0,7612.0,7617.135044642857,7.135044642856883,0.7978484424919837,False,False,13,7598.0,1.6818395119662743,stop,-8.135044642856883,-562.5779017856973,-1.1251558035713947,0.42045987799155327,4.756696428571429,8.942857142857143
2026-06-01,2026-06-01 08:05:00-04:00,nq1,NQ,short,fade,B,B+,NQM6,30448.0,30595.25,30595.5,147.5,2.476705921156196,False,False,1,30348.0,0.6779661016949152,target,99.5,196.4,0.39280000000000004,5.24588078122018,28.069642857142856,59.55491071428571
2026-06-01,2026-06-01 09:15:00-04:00,nq2,NQ,long,fade,A,A/A-,NQM6,30348.0,30310.75,30305.895535714284,42.10446428571595,0.7069856000240154,False,False,5,30448.0,2.37504506223881,stop,-43.10446428571595,-444.0446428571595,-0.888089285714319,1.3270564285259876,28.069642857142856,59.55491071428571
2026-06-02,2026-06-01 19:55:00-04:00,nq2,NQ,long,fade,B,B+/A-,NQM6,30469.0,30431.0,30427.875223214287,41.12477678571304,0.6324586517270308,False,False,6,30536.0,1.629188174056574,stop,-42.12477678571304,-521.0973214285565,-1.042194642857113,1.3860257600182373,27.416517857142857,65.02366071428571
2026-06-02,2026-06-01 20:30:00-04:00,es5,ES,long,fade,C,C+,ESM6,7584.0,7583.75,7577.1375,6.862500000000182,0.684752104770832,False,False,13,7603.0,2.7686703096538428,stop,-7.862500000000182,-544.8625000000118,-1.0897250000000236,0.0546448087431694,4.575,10.021875
2026-06-02,2026-06-02 02:10:00-04:00,es4,ES,long,fade,C,C+,ESM6,7596.0,7576.5,7576.25,19.75,1.9706891175553478,False,False,4,7610.0,0.7088607594936709,target,13.5,259.6,0.5192,4.2622950819672125,4.575,10.021875
2026-06-02,2026-06-02 10:20:00-04:00,nq1,NQ,short,fade,B,B+/A-,NQM6,30600.0,30647.25,30647.5,47.5,0.7305033195334116,False,False,5,30469.0,2.7578947368421054,be,-0.75,-20.5,-0.041,1.7234136094963608,27.416517857142857,65.02366071428571
2026-06-02,2026-06-02 10:40:00-04:00,es3,ES,long,break,B,B-,ESM6,7613.0,7610.0,7606.1375,6.862500000000182,0.684752104770832,False,False,13,7622.0,1.3114754098360308,target,8.5,518.7,1.0374,0.6557377049180327,4.575,10.021875
2026-06-02,2026-06-02 12:25:00-04:00,es1,ES,short,fade,B,B/B-,ESM6,7622.0,7632.0,7632.25,10.25,1.0227627065793576,False,False,9,7613.0,0.8780487804878049,close,-2.25,-124.65,-0.24930000000000002,2.1857923497267757,4.575,10.021875
2026-06-03,2026-06-03 00:05:00-04:00,nq1,NQ,long,break,B,B+,NQM6,30721.0,30713.0,30688.89330357143,32.10669642857101,0.5908706261245272,False,False,7,30840.0,3.706391913124535,stop,-33.10669642857101,-481.69374999999417,-0.9633874999999883,0.37375380636549455,21.404464285714283,54.33794642857142
2026-06-03,2026-06-03 00:45:00-04:00,nq2,NQ,short,fade,B,B-,NQM6,30713.0,30730.5,30745.10669642857,32.10669642857101,0.5908706261245272,False,False,7,30617.0,2.990030450923995,be,-0.75,-28.7,-0.0574,0.8175864514245194,21.404464285714283,54.33794642857142
2026-06-03,2026-06-03 10:00:00-04:00,nq3,NQ,long,fade,B,B/B+,NQM6,30617.0,30496.0,30495.75,121.25,2.231405637667705,False,False,2,30713.0,0.7917525773195876,target,95.5,376.8,0.7536,5.653026321278105,21.404464285714283,54.33794642857142
2026-06-05,2026-06-04 18:15:00-04:00,nq3,NQ,long,fade,A,A/A-,NQM6,30369.0,30360.25,30332.712723214285,36.28727678571522,0.5052367573749835,False,False,6,30424.0,1.515682764644692,stop,-37.28727678571522,-463.0473214285827,-0.9260946428571654,0.36169702338112897,24.19151785714286,71.82232142857143
2026-06-05,2026-06-05 06:20:00-04:00,es3,ES,long,fade,A,A/A-,ESM6,7572.0,7546.75,7546.5,25.5,2.7009646302250805,False,False,3,7611.5,1.5490196078431373,stop,-26.5,-405.3,-0.8106,8.254524226503213,3.058928571428571,9.441071428571428
2026-06-08,2026-06-07 18:05:00-04:00,nq1,NQ,short,fade,B,B-,NQM6,28945.0,28951.75,29037.08794642857,92.08794642857174,1.0004413490731705,False,False,2,28742.0,2.2044144524110707,stop,-93.08794642857174,-377.55178571428695,-0.7551035714285739,0.10994924300818802,61.39196428571429,92.04732142857142
2026-06-08,2026-06-07 20:40:00-04:00,es1,ES,short,fade,B,B/B-,ESM6,7423.0,7423.0,7438.3060267857145,15.306026785714494,1.16131490702166,False,False,6,7397.0,1.6986772833996648,target,25.5,749.4,1.4988,0.0,10.204017857142858,13.179910714285715
2026-06-08,2026-06-08 07:20:00-04:00,es2,ES,short,fade,B,B,ESM6,7449.0,7454.25,7464.3060267857145,15.306026785714494,1.16131490702166,False,False,6,7430.0,1.2413410917151397,stop,-16.306026785714494,-504.78080357143483,-1.0095616071428697,0.5145032156450977,10.204017857142858,13.179910714285715
2026-06-08,2026-06-08 09:30:00-04:00,nq3,NQ,short,fade,A,A/A+,NQM6,29469.0,29604.25,29604.5,135.5,1.4720689086552918,False,False,1,29378.0,0.6715867158671587,target,90.5,178.4,0.3568,2.203057054349249,61.39196428571429,92.04732142857142
2026-06-09,2026-06-08 18:20:00-04:00,nq1,NQ,long,fade,A,A-,NQM6,29331.5,29321.25,29257.56205357143,73.93794642857029,0.5960012523075835,False,False,3,29469.0,1.859667554235301,target,137.0,814.2,1.6284,0.20794464470085314,49.291964285714286,124.05669642857143
2026-06-09,2026-06-08 18:45:00-04:00,es2,ES,long,fade,B,B/B-,ESM6,7403.75,7390.75,7390.113392857143,13.636607142857429,0.7078534516719727,False,False,7,7446.0,3.098278006940287,be,-0.75,-44.45,-0.0889,1.429974464741701,9.091071428571428,19.264732142857145
2026-06-09,2026-06-08 19:40:00-04:00,nq2,NQ,short,fade,B,B/B+,NQM6,29469.0,29482.0,29542.93794642857,73.93794642857029,0.5960012523075835,False,False,3,29331.5,1.859667554235301,target,137.0,814.2,1.6284,0.26373467132791134,49.291964285714286,124.05669642857143
2026-06-09,2026-06-08 21:50:00-04:00,es1,ES,short,fade,B,B/B+,ESM6,7423.0,7428.0,7436.636607142857,13.636607142857429,0.7078534516719727,False,False,7,7397.0,1.9066326196555614,stop,-14.636607142857429,-530.48125000001,-1.06096250000002,0.5499901787468081,9.091071428571428,19.264732142857145
2026-06-09,2026-06-08 23:40:00-04:00,es3,ES,long,break,B,B-,ESM6,7430.0,7423.0,7416.363392857143,13.636607142857429,0.7078534516719727,False,False,7,7469.0,2.859948929483342,be,-0.75,-44.45,-0.0889,0.7699862502455314,9.091071428571428,19.264732142857145
2026-06-09,2026-06-08 23:45:00-04:00,nq3,NQ,short,fade,B,B+,NQM6,29590.0,29593.0,29663.93794642857,73.93794642857029,0.5960012523075835,False,False,3,29487.0,1.393060058808989,stop,-74.93794642857029,-457.4276785714217,-0.9148553571428435,0.060861847229518,49.291964285714286,124.05669642857143
2026-06-10,2026-06-10 06:40:00-04:00,nq2,NQ,long,fade,B,B/B+,NQM6,28817.0,28684.0,28648.836607142857,168.16339285714275,1.0917612006051711,False,False,1,29100.0,1.6828870730528886,stop,-169.16339285714275,-340.92678571428553,-0.6818535714285711,1.1863461875408163,112.10892857142858,154.02946428571428
2026-06-10,2026-06-10 08:30:00-04:00,es1,ES,long,fade,B,B,ESM6,7350.0,7305.5,7305.25,44.75,1.777840838550627,False,False,2,7406.0,1.2513966480446927,be,-0.75,-12.7,-0.0254,2.5539983089497555,17.423660714285713,25.17098214285714
2026-06-16,2026-06-15 18:15:00-04:00,nq3,NQ,short,break,C,C+/B-,NQU6,30800.0,30815.0,30839.194196428572,39.19419642857247,0.3882604234844702,False,False,6,30696.0,2.653454069138263,be,-0.75,-24.6,-0.0492,0.5740645822655048,26.12946428571429,100.94821428571427
2026-06-16,2026-06-15 18:30:00-04:00,es2,ES,long,fade,B,B/-,ESU6,7613.0,7612.0,7606.322991071429,6.677008928571013,0.3988506360169356,False,False,13,7631.0,2.6958178718284698,be,-0.75,-82.55000000000001,-0.16510000000000002,0.22465148931902515,4.451339285714286,16.740625
2026-06-16,2026-06-15 19:25:00-04:00,nq1,NQ,long,fade,A,A,NQU6,30815.0,30755.0,30754.75,60.25,0.596840671489979,False,False,4,30915.0,1.6597510373443984,target,99.5,785.6,1.5712000000000002,2.2962583290620193,26.12946428571429,100.94821428571427
2026-06-16,2026-06-16 07:05:00-04:00,es1,ES,short,fade,C,C+/B-,ESU6,7631.0,7632.25,7637.677008928571,6.677008928571013,0.3988506360169356,False,False,13,7613.0,2.6958178718284698,be,-0.75,-82.55000000000001,-0.16510000000000002,0.28081436164878143,4.451339285714286,16.740625
2026-06-22,2026-06-21 18:45:00-04:00,nq2,NQ,long,fade,B,B/B+,NQU6,30569.0,30463.0,30462.75,106.25,1.0306912127078165,False,False,2,30737.0,1.5811764705882352,stop,-107.25,-434.2,-0.8684,4.790960451977401,22.125,103.08616071428571
2026-06-22,2026-06-21 18:45:00-04:00,es1,ES,long,fade,B,B/B-,ESU6,7542.0,7526.0,7525.75,16.25,0.9634217352178286,False,False,5,7578.0,2.2153846153846155,stop,-17.25,-444.25,-0.8885,4.266158790620165,3.7504464285714283,16.866964285714285
2026-06-22,2026-06-21 19:55:00-04:00,es3,ES,long,fade,A,A/A+,ESU6,7515.0,7513.0,7509.374330357143,5.625669642857247,0.33353184055900253,False,False,16,7536.0,3.7328889417925746,target,20.5,1598.4,3.1968,0.5332698488275206,3.7504464285714283,16.866964285714285
2026-06-22,2026-06-21 20:00:00-04:00,nq3,NQ,long,fade,A,A/A-,NQU6,30391.0,30337.5,30337.25,53.75,0.5214084958404248,False,False,4,30546.0,2.883720930232558,target,154.5,1225.6,2.4511999999999996,2.4180790960451977,22.125,103.08616071428571
2026-06-22,2026-06-22 02:30:00-04:00,nq1,NQ,short,fade,A,A=/B+,NQU6,30737.0,30738.5,30770.1875,33.1875,0.3219394317340297,False,False,7,30605.0,3.977401129943503,stop,-34.1875,-496.825,-0.9936499999999999,0.06779661016949153,22.125,103.08616071428571
2026-06-22,2026-06-22 09:40:00-04:00,es2,ES,short,fade,B,B,ESU6,7581.0,7596.75,7597.0,16.0,0.9485998623683236,False,False,6,7553.0,1.75,stop,-17.0,-525.6,-1.0512000000000001,4.1995000595167244,3.7504464285714283,16.866964285714285
2026-06-23,2026-06-22 18:05:00-04:00,nq1,NQ,short,fade,A,A/A-,NQU6,30680.0,30701.25,30733.492410714287,53.49241071428696,0.7737604773405494,False,False,4,30569.0,2.075060714553919,target,110.5,873.6,1.7472,0.5958789214090784,35.66160714285714,69.13303571428571
2026-06-23,2026-06-22 18:45:00-04:00,nq2,NQ,long,fade,B,B-,NQU6,30569.0,30566.5,30515.507589285713,53.49241071428696,0.7737604773405494,False,False,4,30680.0,2.075060714553919,stop,-54.49241071428696,-446.33928571429567,-0.8926785714285913,0.07010340251871511,35.66160714285714,69.13303571428571
2026-06-23,2026-06-22 20:30:00-04:00,nq3,NQ,long,fade,C,C/C+,NQU6,30503.0,30461.25,30449.507589285713,53.49241071428696,0.7737604773405494,False,False,4,30680.0,3.3088805988832757,be,-0.75,-16.4,-0.032799999999999996,1.1707268220625422,35.66160714285714,69.13303571428571
2026-06-24,2026-06-23 18:45:00-04:00,nq2,NQ,long,fade,B,B/B-,NQU6,29648.0,29632.5,29571.03861607143,76.96138392857029,0.690045991458147,False,False,3,29804.0,2.026990576790918,target,155.5,925.2,1.8504,0.3020995571178728,51.307589285714286,111.53080357142858
2026-06-24,2026-06-23 19:10:00-04:00,es1,ES,long,fade,B,B-,ESU6,7428.0,7420.25,7416.775446428572,11.22455357142826,0.6670115399920229,False,False,8,7445.0,1.5145368492224898,target,16.5,639.2,1.2784,1.0356759336594679,7.483035714285714,16.828125
2026-06-24,2026-06-23 21:00:00-04:00,nq1,NQ,short,fade,A,A-/B+,NQU6,29804.0,29891.75,29892.0,88.0,0.7890196894675958,False,False,2,29648.0,1.7727272727272727,target,155.5,616.8,1.2335999999999998,1.710273299167312,51.307589285714286,111.53080357142858
2026-06-24,2026-06-24 08:00:00-04:00,es2,ES,short,fade,B,B+/A-,ESU6,7463.0,7465.0,7474.224553571428,11.22455357142826,0.6670115399920229,False,False,8,7428.0,3.1181641013404198,be,-0.75,-50.8,-0.1016,0.26727120868631427,7.483035714285714,16.828125
2026-06-29,2026-06-28 18:05:00-04:00,nq2,NQ,long,break,B,B-,NQU6,29339.0,29296.0,29262.41629464286,76.5837053571413,0.5273905852260742,False,False,3,29569.0,3.003249828764689,target,229.5,1369.2,2.7384,0.8422157128492109,51.05580357142857,145.2125
2026-06-29,2026-06-28 18:25:00-04:00,nq3,NQ,short,fade,B,B/B+,NQU6,29569.0,29592.25,29645.58370535714,76.5837053571413,0.5273905852260742,False,False,3,29420.0,1.9455835847214724,stop,-77.5837053571413,-473.3022321428478,-0.9466044642856956,0.45538407729637564,51.05580357142857,145.2125
2026-06-29,2026-06-29 04:20:00-04:00,nq4,NQ,short,fade,C,C+/B-,NQU6,29716.0,29729.5,29792.58370535714,76.5837053571413,0.5273905852260742,False,False,3,29595.0,1.5799705620892495,be,-0.75,-12.3,-0.0246,0.26441656101079875,51.05580357142857,145.2125
2026-07-01,2026-06-30 18:05:00-04:00,es1,ES,long,fade,B,B-,ESU6,7545.0,7540.5,7539.609375,5.390625,0.49859608555619783,False,False,16,7567.75,4.220289855072464,be,-0.75,-101.6,-0.2032,1.2521739130434784,3.59375,10.811607142857143
2026-07-01,2026-06-30 21:00:00-04:00,es2,ES,short,break,C,C+/B-,ESU6,7542.0,7545.0,7547.390625,5.390625,0.49859608555619783,False,False,16,7531.0,2.0405797101449274,target,10.5,798.4,1.5968,0.8347826086956521,3.59375,10.811607142857143
2026-07-01,2026-06-30 21:55:00-04:00,nq1,NQ,long,fade,A,A-,NQU6,30453.0,30450.5,30420.670982142856,32.32901785714421,0.4300935412026906,False,False,7,30503.0,1.546598174461733,stop,-33.32901785714421,-484.8062500000189,-0.9696125000000378,0.11599486308463482,21.552678571428572,75.16741071428571
2026-07-01,2026-06-30 22:00:00-04:00,nq2,NQ,short,break,C,C+/B-,NQU6,30442.0,30453.0,30474.329017857144,32.32901785714421,0.4300935412026906,False,False,7,30293.0,4.6088625598959645,be,-0.75,-28.7,-0.0574,0.5103773975723932,21.552678571428572,75.16741071428571
2026-07-01,2026-07-01 03:20:00-04:00,es4,ES,long,fade,B,B-,ESU6,7517.0,7510.5,7510.25,6.75,0.6243290114790652,False,False,13,7533.0,2.3703703703703702,target,15.5,973.7,1.9474,1.808695652173913,3.59375,10.811607142857143
2026-07-01,2026-07-01 10:05:00-04:00,nq3,NQ,long,fade,B,B/B+,NQU6,30293.0,30087.75,30087.5,205.5,2.733897550111359,False,False,1,30442.0,0.7250608272506083,stop,-206.5,-415.6,-0.8312,9.52317825924852,21.552678571428572,75.16741071428571
2026-07-01,2026-07-01 12:45:00-04:00,es3,ES,short,fade,C,C+/B-,ESU6,7567.75,7579.0,7579.25,11.5,1.0636716491865554,False,False,8,7545.0,1.9782608695652173,be,-0.75,-50.8,-0.1016,3.130434782608696,3.59375,10.811607142857143
2026-07-06,2026-07-05 18:05:00-04:00,es1,ES,short,fade,A,A/A-,ESU6,7566.0,7568.75,7571.9517857142855,5.951785714285506,0.38680476977977585,False,False,15,7553.0,2.1842184218422607,be,-0.75,-95.25,-0.1905,0.693069306930693,3.967857142857143,15.387053571428572
2026-07-06,2026-07-05 18:05:00-04:00,nq1,NQ,short,fade,A,A+,NQU6,29923.0,29979.5,29979.75,56.75,0.5084820339281357,False,False,4,29769.0,2.7136563876651985,stop,-57.75,-472.4,-0.9448,1.8020019079350162,31.354017857142857,111.60669642857142
2026-07-06,2026-07-05 23:55:00-04:00,es2,ES,long,fade,B,B/B-,ESU6,7540.0,7538.25,7534.0482142857145,5.951785714285506,0.38680476977977585,False,False,15,7553.0,2.1842184218422607,target,12.5,898.5,1.797,0.441044104410441,3.967857142857143,15.387053571428572
2026-07-06,2026-07-06 13:10:00-04:00,es6,ES,short,fade,B,B-,ESU6,7593.75,7594.75,7599.7017857142855,5.951785714285506,0.38680476977977585,False,False,15,7569.0,4.158415841584303,be,-0.75,-95.25,-0.1905,0.252025202520252,3.967857142857143,15.387053571428572
2026-07-07,2026-07-06 18:05:00-04:00,es1,ES,short,fade,B,B-,ESU6,7598.0,7599.5,7604.062276785714,6.062276785713948,0.6587832920971834,False,False,15,7583.0,2.474317905666768,target,14.5,1048.5,2.097,0.37114768584999447,4.041517857142857,9.202232142857143
2026-07-07,2026-07-06 18:50:00-04:00,nq2,NQ,short,break,C,C+/B-,NQU6,29923.0,29930.0,29970.197098214285,47.19709821428478,0.6607304680420101,False,False,5,29776.25,3.1093013247069567,target,146.25,1449.5,2.899,0.2224713043231509,31.464732142857144,71.43169642857143
2026-07-07,2026-07-06 19:20:00-04:00,nq3,NQ,long,fade,C,C+/B-,NQU6,29882.0,29872.75,29834.802901785715,47.19709821428478,0.6607304680420101,False,False,5,29969.0,1.8433336643918585,stop,-48.19709821428478,-494.9709821428478,-0.9899419642856956,0.2939799378555923,31.464732142857144,71.43169642857143
2026-07-07,2026-07-06 21:40:00-04:00,nq4,NQ,long,fade,B,B-,NQU6,29776.25,29716.5,29716.25,60.0,0.8399632516077422,False,False,4,29882.0,1.7625,stop,-61.0,-498.4,-0.9967999999999999,1.8989514904726095,31.464732142857144,71.43169642857143
2026-07-07,2026-07-07 03:10:00-04:00,es2,ES,long,fade,B,B+/A-,ESU6,7576.0,7563.0,7562.75,13.25,1.439868044437976,False,False,7,7598.0,1.6603773584905661,stop,-14.25,-516.95,-1.0339,3.216613277366619,4.041517857142857,9.202232142857143
2026-07-08,2026-07-07 20:30:00-04:00,nq1,NQ,short,fade,A,A/A-,NQU6,29476.0,29477.5,29537.118303571428,61.11830357142753,0.7380721332686273,False,False,4,29372.0,1.7016179102297502,be,-2.25,-28.4,-0.056799999999999996,0.03681384901939302,40.74553571428571,82.80803571428571
2026-07-08,2026-07-07 20:45:00-04:00,es1,ES,short,fade,B,B+,ESU6,7559.0,7561.25,7566.678125,7.678125000000364,0.7997674959312168,False,False,12,7545.0,1.823361823361737,be,-0.75,-76.2,-0.1524,0.43956043956043955,5.11875,9.600446428571427
2026-07-08,2026-07-08 07:40:00-04:00,es5,ES,long,fade,B,B/B-,ESU6,7493.0,7468.5,7468.25,24.75,2.5780051150895145,False,False,3,7527.0,1.3737373737373737,be,-0.75,-19.05,-0.0381,4.786324786324786,5.11875,9.600446428571427
2026-07-08,2026-07-08 08:50:00-04:00,es4,ES,long,fade,B,B/B-,ESU6,7515.0,7468.5,7468.25,46.75,4.8695652173913055,False,False,2,7527.0,0.25668449197860965,target,11.5,109.8,0.2196,9.084249084249084,5.11875,9.600446428571427
2026-07-20,2026-07-19 18:15:00-04:00,nq1,NQ,long,fade,B,B/B+,NQU6,28718.0,28709.75,28644.347321428573,73.6526785714268,0.6324420677361702,False,False,3,28887.0,2.294553345213472,target,168.5,1003.2,2.0064,0.16801832927228427,49.10178571428571,116.45758928571429
2026-07-20,2026-07-19 20:30:00-04:00,es1,ES,short,fade,B,B/B+,ESU6,7509.0,7517.5,7520.255357142857,11.255357142857065,0.6877250409165255,False,False,8,7491.0,1.5992384578772123,target,17.5,679.2,1.3584,1.1327939076630176,7.503571428571428,16.366071428571427
2026-07-20,2026-07-19 20:30:00-04:00,nq3,NQ,short,fade,B,B+/A-,NQU6,28887.0,28963.5,28963.75,76.75,0.6590381998351638,False,False,3,28718.0,2.201954397394137,be,-0.75,-12.3,-0.0246,1.5579881441611814,49.10178571428571,116.45758928571429
2026-07-20,2026-07-20 07:35:00-04:00,es2,ES,short,fade,A,A/A+,ESU6,7539.0,7545.25,7550.255357142857,11.255357142857065,0.6877250409165255,False,False,8,7518.0,1.8657782008567478,be,-0.75,-50.8,-0.1016,0.8329366968110424,7.503571428571428,16.366071428571427
2026-07-20,2026-07-20 08:00:00-04:00,nq4,NQ,short,fade,B,B+/A-,NQU6,29050.25,29109.5,29123.902678571427,73.6526785714268,0.6324420677361702,False,False,3,28896.0,2.094289073959634,stop,-74.6526785714268,-455.71607142856084,-0.9114321428571217,1.2066770920464052,49.10178571428571,116.45758928571429
2026-07-21,2026-07-20 18:10:00-04:00,nq5,NQ,long,fade,B,B-,NQU6,28718.0,28705.0,28652.115848214286,65.8841517857145,0.6115551964196936,False,False,3,28896.0,2.701711947039065,be,-0.75,-12.3,-0.0246,0.2959740616138311,43.92276785714286,107.73214285714286
2026-07-21,2026-07-20 18:35:00-04:00,es5,ES,long,fade,B,B,ESU6,7473.0,7473.0,7461.930133928571,11.069866071428805,0.698178285843015,False,False,8,7497.0,2.168047909987251,target,23.5,919.2,1.8384,0.0,7.379910714285714,15.855357142857144
2026-07-21,2026-07-20 20:50:00-04:00,nq1,NQ,short,fade,B,B,NQU6,28896.0,28897.0,28961.884151785714,65.8841517857145,0.6115551964196936,False,False,3,28796.5,1.5102266220808256,stop,-66.8841517857145,-409.104910714287,-0.8182098214285739,0.02276723550875624,43.92276785714286,107.73214285714286
2026-07-21,2026-07-20 21:20:00-04:00,es1,ES,short,fade,B,B,ESU6,7497.0,7499.25,7508.069866071429,11.069866071428805,0.698178285843015,False,False,8,7478.0,1.7163712620732403,stop,-12.069866071428805,-503.5946428571522,-1.0071892857143045,0.3048817373419636,7.379910714285714,15.855357142857144
2026-07-21,2026-07-21 01:10:00-04:00,nq3,NQ,short,fade,B,B,NQU6,29050.0,29089.5,29115.884151785714,65.8841517857145,0.6115551964196936,False,False,3,28910.0,2.1249419808172423,stop,-66.8841517857145,-409.104910714287,-0.8182098214285739,0.8993058025958713,43.92276785714286,107.73214285714286
2026-07-21,2026-07-21 10:30:00-04:00,es3,ES,short,fade,B,B,ESU6,7532.0,7536.0,7543.069866071429,11.069866071428805,0.698178285843015,False,False,8,7513.0,1.7163712620732403,be,-0.75,-50.8,-0.1016,0.5420119774968242,7.379910714285714,15.855357142857144
2026-07-22,2026-07-21 18:35:00-04:00,nq1,NQ,long,fade,A,A/A-,NQU6,29269.0,29257.25,29238.823883928573,30.176116071426804,0.3646424486977323,False,False,8,29335.0,2.1871601979452273,be,-0.75,-32.8,-0.06559999999999999,0.5840711892239753,20.117410714285715,82.75535714285715
2026-07-22,2026-07-21 21:00:00-04:00,nq3,NQ,short,break,B,B-,NQU6,29247.0,29269.0,29277.176116071427,30.176116071426804,0.3646424486977323,False,False,8,29181.0,2.1871601979452273,stop,-31.176116071426804,-519.6178571428288,-1.0392357142856576,1.0935800989725495,20.117410714285715,82.75535714285715
2026-07-27,2026-07-26 18:05:00-04:00,es5,ES,short,fade,A,A/A-,ESU6,7496.5,7509.5,7509.75,13.25,0.8720947315840507,False,False,7,7473.0,1.7735849056603774,stop,-14.25,-516.95,-1.0339,1.8874773139745915,6.8875,15.193303571428572
2026-07-27,2026-07-26 18:05:00-04:00,nq3,NQ,short,fade,B,B-,NQU6,28630.75,28682.25,28691.391517857144,60.64151785714421,0.6263435282400438,False,False,4,28500.0,2.15611357730216,stop,-61.64151785714421,-503.53214285715364,-1.0070642857143073,1.2738797234921266,40.42767857142857,96.81830357142857
2026-07-27,2026-07-27 10:20:00-04:00,es3,ES,short,fade,A,A/A-,ESU6,7458.0,7524.75,7525.0,67.0,4.4098375106514265,False,False,1,7431.5,0.39552238805970147,target,26.0,127.4,0.2548,9.69147005444646,6.8875,15.193303571428572
2026-07-27,2026-07-27 10:45:00-04:00,es1,ES,long,fade,B,B+/A-,ESU6,7431.5,7423.0,7421.16875,10.331250000000182,0.6799870713719157,False,False,9,7458.0,2.5650332728372205,target,26.0,1146.6,2.2931999999999997,1.234119782214156,6.8875,15.193303571428572
2026-07-28,2026-07-27 23:15:00-04:00,nq2,NQ,long,fade,A,A-,NQU6,27939.0,27932.5,27869.253348214286,69.74665178571377,0.6641832288234618,False,False,3,28075.0,1.9499143904117406,be,-0.75,-12.3,-0.0246,0.13979165666554652,46.49776785714286,105.01116071428574
2026-07-28,2026-07-28 08:30:00-04:00,es1,ES,short,fade,A,A/A-,ESU6,7457.0,7459.75,7468.028348214286,11.02834821428587,0.6624165392969282,False,False,8,7416.25,3.695022972453244,be,-0.75,-50.8,-0.1016,0.37403606776367726,7.352232142857142,16.648660714285718
2026-07-28,2026-07-28 12:30:00-04:00,es3,ES,short,fade,B,B-,ESU6,7469.0,7482.25,7482.5,13.5,0.8108760357171585,False,False,7,7416.25,3.9074074074074074,stop,-14.5,-525.7,-1.0514000000000001,1.8021737810431722,7.352232142857142,16.648660714285718
2026-07-29,2026-07-28 18:30:00-04:00,es3,ES,short,break,B,B/B-,ESU6,7457.0,7462.0,7465.7421875,8.7421875,0.6019642802250161,False,False,10,7424.0,3.774798927613941,stop,-9.7421875,-513.109375,-1.02621875,0.8579088471849866,5.828125,14.522767857142856
2026-07-29,2026-07-28 18:35:00-04:00,nq3,NQ,short,break,B,B/B-,NQU6,27890.0,27911.0,27950.973660714284,60.97366071428405,0.5793320212422857,False,False,4,27689.0,3.2965053704396095,be,-0.75,-16.4,-0.032799999999999996,0.5166165132778351,40.64910714285715,105.24821428571427
2026-07-29,2026-07-28 19:10:00-04:00,es2,ES,long,fade,B,B/B+,ESU6,7462.0,7449.25,7449.0,13.0,0.8951461682702654,False,False,7,7485.75,1.8269230769230769,target,23.25,795.55,1.5911,2.187667560321716,5.828125,14.522767857142856
2026-07-29,2026-07-28 19:40:00-04:00,nq2,NQ,long,fade,B,B/B-,NQU6,27911.0,27728.5,27728.25,182.75,1.7363715027401214,False,False,1,28080.0,0.9247606019151847,target,168.5,334.4,0.6688,4.489643508247853,40.64910714285715,105.24821428571427
2026-07-29,2026-07-28 20:25:00-04:00,nq1,NQ,short,fade,B,B/B-,NQU6,28080.0,28178.25,28178.5,98.5,0.935882861942008,False,False,2,27911.0,1.715736040609137,target,168.5,668.8,1.3376,2.4170272585498713,40.64910714285715,105.24821428571427
2026-07-29,2026-07-28 21:05:00-04:00,es1,ES,short,fade,B,B/B+,ESU6,7485.75,7501.0,7501.25,15.5,1.0672896621683934,False,False,6,7462.0,1.532258064516129,target,23.25,681.9,1.3638,2.616621983914209,5.828125,14.522767857142856
2026-08-03,2026-08-03 04:20:00-04:00,nq1,NQ,short,fade,A,A+,NQU6,28500.0,28698.25,28698.5,198.5,1.878313471863739,False,False,1,28408.0,0.4634760705289673,target,91.5,180.4,0.3608,5.0102669404517455,39.56875,105.67991071428574
2026-08-04,2026-08-03 18:15:00-04:00,es1,ES,short,fade,B,B/B-,ESU6,7635.0,7635.5,7640.371205357143,5.371205357142571,0.4406820013185612,False,False,17,7625.0,1.8617794954911018,be,-0.75,-107.95,-0.2159,0.13963346216182523,3.5808035714285706,12.188392857142858
2026-08-04,2026-08-03 20:45:00-04:00,nq1,NQ,long,fade,B,B+,NQU6,28865.0,28864.25,28832.1640625,32.8359375,0.4069114506688501,False,False,7,28964.0,3.0149892933618845,be,-0.75,-28.7,-0.0574,0.034261241970021415,21.890625,80.69553571428571
2026-08-07,2026-08-07 05:25:00-04:00,es2,ES,short,fade,B,B/B-,ESU6,7748.0,7749.5,7756.047098214286,8.047098214286052,0.6977162763692958,False,False,11,7728.0,2.4853679509582602,stop,-9.047098214286052,-526.1904017857329,-1.0523808035714657,0.279603894482816,5.364732142857143,11.533482142857142
2026-08-07,2026-08-07 09:55:00-04:00,nq2,NQ,short,fade,B,B/B+,NQU6,29686.25,29867.75,29868.0,181.75,2.2359525261013076,False,False,1,29241.25,2.4484181568088035,close,-148.5,-299.6,-0.5992000000000001,5.023911028730305,36.127232142857146,81.28526785714286
2026-08-10,2026-08-09 18:15:00-04:00,nq2,NQ,short,fade,B,B,NQU6,29855.0,29860.25,29898.92455357143,43.92455357142899,0.5405386102931533,False,False,5,29785.0,1.5936416948704508,be,-0.75,-20.5,-0.041,0.17928469067292743,29.28303571428571,81.26071428571429
2026-08-10,2026-08-09 23:50:00-04:00,es1,ES,short,fade,B,B+,ESU6,7786.0,7786.25,7793.294419642857,7.294419642857065,0.6080040187541798,False,False,12,7773.0,1.7821842773646874,stop,-8.294419642857065,-528.8651785714239,-1.0577303571428478,0.05140916184705774,4.862946428571429,11.997321428571428
2026-08-17,2026-08-17 01:50:00-04:00,es3,ES,short,fade,B,B-,ESU6,7817.0,7817.5,7821.376785714286,4.376785714285688,0.6369542619542581,False,False,20,7810.0,1.5993472052223676,stop,-5.376785714285688,-589.6785714285688,-1.1793571428571377,0.17135862913096694,2.917857142857143,6.871428571428572
2026-08-17,2026-08-17 09:40:00-04:00,es1,ES,long,fade,A,A+,ESU6,7796.5,7794.5,7792.123214285714,4.376785714285688,0.6369542619542581,False,False,20,7810.0,3.0844553243574233,be,-0.75,-127.0,-0.254,0.6854345165238678,2.917857142857143,6.871428571428572
2026-08-17,2026-08-17 09:40:00-04:00,es2,ES,long,fade,B,B+/A-,ESU6,7796.5,7794.5,7792.123214285714,4.376785714285688,0.6369542619542581,False,False,20,7810.0,3.0844553243574233,be,-0.75,-127.0,-0.254,0.6854345165238678,2.917857142857143,6.871428571428572
2026-08-17,2026-08-17 10:20:00-04:00,nq5,NQ,short,fade,C,C+/B-,NQU6,30177.0,30343.0,30343.25,166.25,3.818508074852602,False,False,1,30114.0,0.37894736842105264,target,62.5,122.4,0.24480000000000002,9.59636626406524,17.298214285714288,43.53794642857143
2026-08-17,2026-08-17 13:40:00-04:00,nq4,NQ,long,fade,B,B/B+,NQU6,30114.0,30086.5,30086.25,27.75,0.6373750320430659,False,False,8,30177.0,2.27027027027027,stop,-28.75,-480.8,-0.9616,1.5897594714565912,17.298214285714288,43.53794642857143
2026-08-19,2026-08-18 20:35:00-04:00,es1,ES,long,fade,B,B/B-,ESU6,7713.0,7702.0,7701.75,11.25,1.4632446870282194,False,False,8,7735.25,1.9777777777777779,stop,-12.25,-510.8,-1.0216,3.156141923914436,3.485267857142857,7.688392857142858
2026-08-19,2026-08-18 20:40:00-04:00,nq1,NQ,long,fade,B,B-,NQU6,29569.0,29442.0,29441.75,127.25,2.155752024988088,False,False,1,29682.0,0.888015717092338,stop,-128.25,-259.1,-0.5182,5.381966778917099,23.597321428571426,59.028125
2026-08-19,2026-08-19 09:30:00-04:00,nq2,NQ,short,fade,B,B+,NQU6,29682.0,29757.25,29757.5,75.5,1.279051299698237,False,False,3,29514.0,2.225165562913907,target,167.5,997.2,1.9944000000000002,3.1889212607363127,23.597321428571426,59.028125
2026-08-19,2026-08-19 09:35:00-04:00,es2,ES,short,fade,B,B/B-,ESU6,7735.25,7758.25,7758.5,23.25,3.0240390198583205,False,False,4,7713.0,0.956989247311828,stop,-24.25,-495.4,-0.9907999999999999,6.599205840912003,3.485267857142857,7.688392857142858
2026-08-21,2026-08-20 20:15:00-04:00,nq2,NQ,short,fade,B,B+,NQU6,29339.0,29365.5,29377.389955357143,38.38995535714275,0.5865139341690635,False,False,6,29269.0,1.8233936285882122,be,-0.75,-24.6,-0.0492,1.0354270962340177,25.59330357142857,65.4544642857143
2026-08-21,2026-08-21 03:25:00-04:00,es1,ES,short,fade,B,B/B-,ESU6,7677.0,7679.25,7683.686383928572,6.6863839285715585,0.6311630847029199,False,False,13,7659.0,2.692038057085576,stop,-7.6863839285715585,-533.4149553571513,-1.0668299107143024,0.5047571357035553,4.4575892857142865,10.59375
2026-08-21,2026-08-21 04:55:00-04:00,es2,ES,short,fade,A,A-/B+,ESU6,7690.0,7690.25,7696.686383928572,6.6863839285715585,0.6311630847029199,False,False,13,7669.0,3.140711066599839,be,-0.75,-82.55000000000001,-0.16510000000000002,0.05608412618928391,4.4575892857142865,10.59375
2026-08-21,2026-08-21 10:20:00-04:00,nq1,NQ,long,fade,B,B/B-,NQU6,29241.0,29220.0,29202.610044642857,38.38995535714275,0.5865139341690635,False,False,6,29339.0,2.552751080023497,target,97.5,1154.4,2.3088,0.8205271328646933,25.59330357142857,65.4544642857143
2026-08-21,2026-08-21 11:55:00-04:00,es3,ES,short,fade,B,B-,ESU6,7710.0,7714.0,7716.686383928572,6.6863839285715585,0.6311630847029199,False,False,13,7692.0,2.692038057085576,target,17.5,1103.7,2.2074000000000003,0.8973460190285426,4.4575892857142865,10.59375
2026-08-24,2026-08-24 01:35:00-04:00,es1,ES,long,fade,B,B/B-,ESU6,7676.75,7675.5,7671.138392857143,5.611607142856883,0.5988280691724747,False,False,16,7700.0,4.143198090692316,stop,-6.611607142856883,-570.5285714285507,-1.1410571428571012,0.3341288782816229,3.7410714285714284,9.370982142857144
2026-08-24,2026-08-24 05:00:00-04:00,nq2,NQ,long,fade,A,A-/B+,NQU6,29241.0,29116.75,29116.5,124.5,2.177015191019656,False,False,2,29402.0,1.2931726907630523,stop,-125.5,-507.2,-1.0144,6.128371683364526,20.274553571428573,57.18839285714286
2026-08-25,2026-08-24 20:25:00-04:00,nq3,NQ,long,fade,C,C+/B-,NQU6,29069.0,29017.0,29016.75,52.25,0.8934692163823048,False,False,4,29203.0,2.5645933014354068,target,133.5,1057.6,2.1151999999999997,2.2616597413692667,22.99196428571429,58.47991071428571
2026-08-25,2026-08-24 23:10:00-04:00,es1,ES,short,fade,C,C+/B-,ESU6,7677.0,7677.0,7682.860044642857,5.860044642857247,0.6465619150822695,False,False,15,7665.0,2.0477659696034376,stop,-6.860044642857247,-553.5033482142935,-1.107006696428587,0.0,3.906696428571429,9.063392857142857
2026-08-25,2026-08-25 00:35:00-04:00,nq2,NQ,short,fade,B,B+/A-,NQU6,29203.0,29217.25,29237.487946428573,34.487946428573196,0.5897400664147789,False,False,7,29069.0,3.8854154531213627,stop,-35.487946428573196,-515.0312500000248,-1.0300625000000496,0.6197817560483088,22.99196428571429,58.47991071428571
2026-08-25,2026-08-25 02:25:00-04:00,es2,ES,short,fade,C,C_/B-,ESU6,7686.5,7690.75,7692.360044642857,5.860044642857247,0.6465619150822695,False,False,15,7665.0,3.6689140288728255,stop,-6.860044642857247,-553.5033482142935,-1.107006696428587,1.0878756713518454,3.906696428571429,9.063392857142857
2026-08-28,2026-08-27 18:10:00-04:00,nq1,NQ,short,break,B,B+/A-,NQU6,29623.0,29636.0,29658.589508928573,35.589508928573196,0.6114707574305194,False,False,6,29540.0,2.332147941871799,stop,-36.589508928573196,-454.67410714287837,-0.9093482142857567,0.5479142755000284,23.726339285714282,58.203125
2026-08-28,2026-08-27 22:10:00-04:00,es1,ES,short,fade,B,B+/A-,ESU6,7746.0,7746.75,7752.472767857143,6.472767857142571,0.721558674231082,False,False,14,7722.0,3.7078419201325867,be,-0.75,-88.9,-0.1778,0.1738050900062073,4.3151785714285715,8.970535714285713
2026-08-28,2026-08-28 12:25:00-04:00,es2,ES,long,fade,B,B+/A-,ESU6,7722.0,7720.0,7715.527232142857,6.472767857142571,0.721558674231082,False,False,14,7746.0,3.7078419201325867,be,-0.75,-88.9,-0.1778,0.46348024001655286,4.3151785714285715,8.970535714285713
2026-08-28,2026-08-28 12:35:00-04:00,nq2,NQ,long,fade,B,B+,NQU6,29490.0,29464.5,29454.410491071427,35.589508928573196,0.6114707574305194,False,False,6,29580.0,2.5288351176923123,be,-0.75,-24.6,-0.0492,1.0747549250192863,23.726339285714282,58.203125
2026-08-31,2026-08-30 18:15:00-04:00,es1,ES,long,fade,B,B+/A-,ESU6,7711.75,7704.0,7701.829241071428,9.920758928571558,0.8184178543807422,False,False,9,7730.0,1.8395770052874099,stop,-10.920758928571558,-514.8341517857201,-1.0296683035714402,1.1717853526830913,6.6138392857142865,12.121875
2026-08-31,2026-08-30 18:40:00-04:00,nq2,NQ,long,fade,B,B+/A-,NQU6,29436.25,29428.0,29383.71316964286,52.5368303571413,0.7658430081215933,False,False,4,29533.5,1.8510823614386716,stop,-53.5368303571413,-438.69464285713036,-0.8773892857142607,0.23554904085144351,35.02455357142857,68.6
2026-09-01,2026-08-31 18:05:00-04:00,nq1,NQ,short,fade,B,B-,NQU6,29517.0,29522.5,29549.60357142857,32.60357142857174,0.5477126143692869,False,False,7,29458.0,1.8096177018293178,be,-0.75,-28.7,-0.0574,0.2530397633913901,21.735714285714284,59.52678571428571
2026-09-01,2026-08-31 20:10:00-04:00,es1,ES,short,fade,A,A/A-,ESU6,7706.0,7707.75,7712.384375,6.384374999999636,0.569148724479611,False,False,14,7696.0,1.566324033284475,target,9.5,628.6,1.2572,0.4111600587371513,4.25625,11.217410714285714
2026-09-01,2026-08-31 22:45:00-04:00,nq2,NQ,long,fade,B,B+,NQU6,29441.0,29434.75,29408.39642857143,32.60357142857174,0.5477126143692869,False,False,7,29538.0,2.975134187753285,target,96.5,1332.8,2.6656,0.2875451856720342,21.735714285714284,59.52678571428571
2026-09-01,2026-09-01 01:50:00-04:00,nq3,NQ,long,break,B,B/B-,NQU6,29538.0,29517.0,29505.39642857143,32.60357142857174,0.5477126143692869,False,False,7,29623.0,2.607076350093085,be,-0.75,-28.7,-0.0574,0.9661518238580349,21.735714285714284,59.52678571428571
2026-09-01,2026-09-01 04:10:00-04:00,es2,ES,long,fade,B,B/B-,ESU6,7674.75,7673.5,7668.365625,6.384374999999636,0.569148724479611,False,False,14,7695.0,3.1718061674010616,stop,-7.384374999999636,-553.3062499999745,-1.106612499999949,0.2936857562408223,4.25625,11.217410714285714
2026-09-02,2026-09-01 20:25:00-04:00,nq2,NQ,short,fade,B,B-,NQU6,29169.0,29170.0,29211.28861607143,42.288616071429715,0.6831812772709427,False,False,5,29084.0,2.0099972024723267,target,84.5,832.0,1.664,0.03547053886715966,28.192410714285717,61.89955357142858
2026-09-02,2026-09-01 20:25:00-04:00,es1,ES,short,fade,B,B-,ESU6,7649.0,7651.5,7656.948660714285,7.9486607142853245,0.7663338211241769,False,False,11,7638.0,1.3838809323224492,target,10.5,548.9,1.0977999999999999,0.4717775905644482,5.299107142857143,10.372321428571428
2026-09-02,2026-09-01 21:15:00-04:00,es3,ES,long,fade,B,B-,ESU6,7638.0,7637.0,7630.051339285715,7.9486607142853245,0.7663338211241769,False,False,11,7659.0,2.6419545071610395,be,-0.75,-69.85,-0.1397,0.18871103622577926,5.299107142857143,10.372321428571428
2026-09-02,2026-09-01 21:55:00-04:00,nq1,NQ,long,fade,B,B/B-,NQU6,29069.0,29047.75,29026.71138392857,42.288616071429715,0.6831812772709427,False,False,5,29138.0,1.6316447878893006,stop,-43.288616071429715,-445.88616071429715,-0.8917723214285943,0.7537489509271428,28.192410714285717,61.89955357142858
2026-09-02,2026-09-02 05:40:00-04:00,es4,ES,long,fade,B,B/B-,ESU6,7621.5,7621.5,7613.551339285715,7.9486607142853245,0.7663338211241769,False,False,11,7635.0,1.6983993260320969,target,13.0,686.4,1.3728,0.0,5.299107142857143,10.372321428571428
2026-09-03,2026-09-02 19:50:00-04:00,nq1,NQ,short,fade,B,B/B-,NQU6,29213.0,29213.0,29246.055580357144,33.05558035714421,0.5988717243610727,False,False,7,29155.0,1.7546205322474282,target,57.5,786.8,1.5735999999999999,0.0,22.037053571428572,55.19642857142857
2026-09-03,2026-09-03 01:15:00-04:00,es2,ES,short,break,B,B/B-,ESU6,7670.0,7673.0,7676.287946428572,6.2879464285715585,0.6597807757167083,False,False,14,7656.0,2.2264820731273947,be,-0.75,-88.9,-0.1778,0.7156549520766772,4.1919642857142865,9.530357142857143
2026-09-03,2026-09-03 01:20:00-04:00,nq2,NQ,short,break,B,B-/C+,NQU6,29120.0,29130.0,29153.055580357144,33.05558035714421,0.5988717243610727,False,False,7,29069.0,1.542855985252049,be,-0.75,-28.7,-0.0574,0.4537811721329741,22.037053571428572,55.19642857142857
2026-09-03,2026-09-03 01:30:00-04:00,nq3,NQ,long,fade,B,B-,NQU6,29130.0,29075.0,29074.75,55.25,1.000970559689421,False,False,4,29213.0,1.502262443438914,target,82.5,649.6,1.2992000000000001,2.4957964467313576,22.037053571428572,55.19642857142857
2026-09-03,2026-09-03 04:05:00-04:00,es1,ES,short,fade,B,B-,ESU6,7691.25,7694.5,7697.537946428572,6.2879464285715585,0.6597807757167083,False,False,14,7680.0,1.7891373801916564,target,10.75,716.1,1.4322000000000001,0.7752928647497336,4.1919642857142865,9.530357142857143
2026-09-04,2026-09-03 20:50:00-04:00,nq1,NQ,short,fade,B,B,NQU6,29538.0,29542.25,29564.547991071428,26.547991071427532,0.5206126451070481,False,False,9,29476.0,2.335393282044906,stop,-27.547991071427532,-519.2638392856956,-1.038527678571391,0.24013116408122082,17.698660714285715,50.99375
2026-09-04,2026-09-04 08:20:00-04:00,es1,ES,long,fade,A,A/A-,ESU6,7749.0,7748.5,7743.992410714286,5.007589285713948,0.5108854071779579,False,False,18,7762.0,2.5960595524651837,be,-0.75,-114.30000000000001,-0.22860000000000003,0.14977266648836587,3.338392857142857,9.801785714285714
2026-09-04,2026-09-04 08:20:00-04:00,es2,ES,long,fade,B,B/B-,ESU6,7749.0,7748.5,7743.992410714286,5.007589285713948,0.5108854071779579,False,False,18,7762.0,2.5960595524651837,be,-0.75,-114.30000000000001,-0.22860000000000003,0.14977266648836587,3.338392857142857,9.801785714285714
2026-09-04,2026-09-04 10:35:00-04:00,es3,ES,long,fade,B,B,ESU6,7730.0,7729.5,7724.992410714286,5.007589285713948,0.5108854071779579,False,False,18,7746.0,3.1951502184186875,stop,-6.007589285713948,-587.4830357142553,-1.1749660714285106,0.14977266648836587,3.338392857142857,9.801785714285714
2026-09-04,2026-09-04 13:45:00-04:00,nq4,NQ,long,fade,C,C+/B-,NQU6,29476.0,29468.0,29449.452008928572,26.547991071427532,0.5206126451070481,False,False,9,29529.0,1.9963845798125808,target,52.5,921.6,1.8432,0.4520116029764157,17.698660714285715,50.99375
2026-09-08,2026-09-07 19:45:00-04:00,es3,ES,long,fade,A,A/A-,ESU6,7711.75,7698.25,7698.0,13.75,2.0552515681302546,False,False,7,7735.25,1.709090909090909,be,-0.75,-44.45,-0.0889,5.166581240389544,2.6129464285714286,6.690178571428572
2026-09-08,2026-09-08 02:10:00-04:00,nq3,NQ,short,fade,B,B-,NQU6,29596.0,29764.75,29765.0,169.0,3.605470684597508,False,False,1,29469.0,0.7514792899408284,target,126.5,250.4,0.5008,9.510151709562987,17.744196428571428,46.87321428571429
2026-09-08,2026-09-08 09:45:00-04:00,nq1,NQ,long,fade,A,A,NQU6,29468.0,29467.0,29441.383705357144,26.61629464285579,0.5678359175587353,False,False,9,29544.0,2.85539369847634,be,-0.75,-36.900000000000006,-0.0738,0.056356454575188064,17.744196428571428,46.87321428571429
2026-09-09,2026-09-08 19:55:00-04:00,es1,ES,long,fade,B,B/B+,ESU6,7673.0,7672.75,7666.159598214285,6.8404017857146755,0.9528917910448305,False,False,13,7685.0,1.754282917278412,target,11.5,713.7,1.4274,0.054821341164953505,4.560267857142857,7.178571428571428
2026-09-09,2026-09-08 20:50:00-04:00,nq1,NQ,long,break,B,B/B-,NQU6,29554.0,29544.0,29518.718526785713,35.28147321428696,0.727011388515839,False,False,6,29630.0,2.1541050607043353,be,-0.75,-24.6,-0.0492,0.4251523146127128,23.520982142857143,48.52946428571428
2026-09-09,2026-09-09 02:15:00-04:00,nq4,NQ,short,fade,C,C+/B-,NQU6,29630.0,29633.75,29665.281473214287,35.28147321428696,0.727011388515839,False,False,6,29569.0,1.7289527460916376,target,60.5,710.4,1.4208,0.1594321179797673,23.520982142857143,48.52946428571428
2026-09-09,2026-09-09 06:55:00-04:00,nq3,NQ,long,fade,B,B-,NQU6,29369.0,29368.25,29333.718526785713,35.28147321428696,0.727011388515839,False,False,6,29424.75,1.5801494359771935,target,55.25,647.4,1.2948,0.03188642359595346,23.520982142857143,48.52946428571428
2026-09-09,2026-09-09 07:45:00-04:00,nq2,NQ,long,fade,B,B-,NQU6,29424.75,29368.25,29368.0,56.75,1.1693926738174527,False,False,4,29544.0,2.101321585903084,stop,-57.75,-472.4,-0.9448,2.402110577561827,23.520982142857143,48.52946428571428
2026-09-10,2026-09-09 20:20:00-04:00,es1,ES,short,fade,A,A,ESU6,7655.0,7655.25,7661.155357142857,6.155357142856701,0.633174136664172,False,False,15,7639.0,2.599361763852812,be,-0.75,-95.25,-0.1905,0.060922541340295906,4.103571428571429,9.721428571428572
2026-09-10,2026-09-10 01:50:00-04:00,es4,ES,short,fade,B,B/B+,ESU6,7665.0,7665.75,7671.155357142857,6.155357142856701,0.633174136664172,False,False,15,7654.5,1.705831157528408,target,10.0,711.0,1.422,0.18276762402088773,4.103571428571429,9.721428571428572
2026-09-10,2026-09-10 07:35:00-04:00,nq1,NQ,long,fade,B,B+,NQU6,29358.0,29326.75,29326.5,31.5,0.5824954182970925,False,False,7,29448.0,2.857142857142857,stop,-32.5,-473.2,-0.9464,1.539036563111492,20.304910714285718,54.077678571428564
2026-09-15,2026-09-14 20:10:00-04:00,nq1,NQ,long,fade,B,B/B+,NQZ6,29428.5,29426.75,29400.6234375,27.876562500001455,0.46933061752152055,False,False,8,29530.0,3.641051510565361,be,-0.75,-32.8,-0.06559999999999999,0.09416512527324701,18.584375,59.396428571428565
2026-09-15,2026-09-15 00:40:00-04:00,nq2,NQ,long,fade,B,B/B+,NQZ6,29369.0,29363.5,29341.1234375,27.876562500001455,0.46933061752152055,False,False,8,29428.5,2.134409506193488,be,-0.75,-32.8,-0.06559999999999999,0.295947536573062,18.584375,59.396428571428565
2026-09-15,2026-09-15 08:30:00-04:00,es1,ES,long,fade,B,B/B-,ESZ6,7685.0,7645.0,7644.75,40.25,3.688279811822459,False,False,2,7719.75,0.8633540372670807,stop,-41.25,-417.7,-0.8354,8.9546272236658,4.466964285714286,10.912946428571427
2026-09-18,2026-09-17 18:25:00-04:00,nq3,NQ,short,break,C,C+/B-,NQZ6,29689.0,29698.0,29712.422767857144,23.42276785714421,0.33367039340636107,False,False,10,29645.0,1.878514113633223,be,-0.75,-41.0,-0.082,0.5763622848647721,15.615178571428572,70.19732142857143
2026-09-18,2026-09-17 19:05:00-04:00,nq1,NQ,long,fade,A,A-/B+,NQZ6,29698.0,29674.0,29673.75,24.25,0.3454547767136007,False,False,10,29737.0,1.6082474226804124,stop,-25.25,-531.0,-1.062,1.5369660929727256,15.615178571428572,70.19732142857143
2026-09-18,2026-09-17 23:50:00-04:00,nq2,NQ,short,fade,B,B/B-,NQZ6,29762.5,29764.75,29785.922767857144,23.42276785714421,0.33367039340636107,False,False,10,29698.0,2.7537309165759747,stop,-24.42276785714421,-514.4553571428842,-1.0289107142857683,0.14409057121619304,15.615178571428572,70.19732142857143
2026-09-18,2026-09-18 05:30:00-04:00,es3,ES,short,fade,C,C+/B-,ESZ6,7722.0,7739.25,7739.5,17.5,1.1831819142193112,False,False,5,7699.0,1.3142857142857143,target,22.5,549.5,1.099,4.839073262366939,3.5647321428571423,14.790625
2026-09-18,2026-09-18 12:20:00-04:00,es2,ES,short,break,B,B/B+,ESZ6,7682.0,7685.0,7687.347098214285,5.3470982142853245,0.3615194228969583,False,False,17,7669.0,2.431225213942987,be,-2.25,-235.45,-0.4709,0.8415779586725111,3.5647321428571423,14.790625
2026-09-18,2026-09-18 12:25:00-04:00,es1,ES,long,fade,B,B/B+,ESZ6,7680.5,7675.0,7674.75,5.75,0.38875977181491655,False,False,16,7696.0,2.6956521739130435,target,15.0,1158.4,2.3168,1.542892924232937,3.5647321428571423,14.790625
2026-09-21,2026-09-20 18:05:00-04:00,es2,ES,long,break,C,C+,ESZ6,7721.0,7716.0,7715.283928571429,5.716071428571013,0.7226141430102753,False,False,16,7739.0,3.149015932521316,target,17.5,1358.4,2.7168,1.3120899718837864,3.8107142857142855,7.910267857142857
2026-09-23,2026-09-22 20:00:00-04:00,nq2,NQ,short,fade,B,B-,NQZ6,31065.5,31070.5,31093.509151785714,28.009151785714494,0.6308874989944541,False,False,8,30984.0,2.9097632310867563,target,81.0,1275.2,2.5504000000000002,0.2677696224926483,18.67276785714286,44.39642857142857
2026-09-23,2026-09-22 22:20:00-04:00,nq1,NQ,long,fade,B,B/B-,NQZ6,30984.0,30982.75,30955.990848214286,28.009151785714494,0.6308874989944541,False,False,8,31027.0,1.5352125022911722,target,42.5,659.2,1.3184,0.06694240562316207,18.67276785714286,44.39642857142857
2026-09-23,2026-09-23 00:25:00-04:00,es2,ES,short,fade,B,B-,ESZ6,7840.0,7840.5,7845.136160714285,5.1361607142853245,0.6694402420574378,False,False,17,7827.0,2.5310734463278757,target,12.5,1018.3,2.0366,0.14602346805736635,3.4241071428571432,7.672321428571429
2026-09-23,2026-09-23 07:45:00-04:00,es3,ES,long,fade,B,B/B-,ESZ6,7822.25,7819.0,7817.113839285715,5.1361607142853245,0.6694402420574378,False,False,17,7840.0,3.4558887440245996,be,-0.75,-107.95,-0.2159,0.9491525423728813,3.4241071428571432,7.672321428571429
2026-09-25,2026-09-24 20:00:00-04:00,es1,ES,long,fade,C,C+/B-,ESZ6,7752.0,7750.75,7739.116741071429,12.883258928571195,1.009532638354421,False,False,7,7783.0,2.40622346968835,target,30.5,1049.3,2.0986,0.14553770986017983,8.588839285714286,12.761607142857141
2026-09-25,2026-09-25 09:15:00-04:00,es3,ES,short,fade,B,B-,ESZ6,7783.0,7800.75,7801.0,18.0,1.4104806548660185,False,False,5,7752.0,1.7222222222222223,be,-0.75,-31.75,-0.0635,2.0666354800145537,8.588839285714286,12.761607142857141
2026-09-25,2026-09-25 09:25:00-04:00,nq2,NQ,short,fade,B,B/B+,NQZ6,30827.5,30999.5,30999.75,172.25,2.437782340862423,False,False,1,30669.0,0.9201741654571843,close,-64.5,-131.6,-0.2632,3.8562320465214044,44.603125,70.65848214285714
2026-09-28,2026-09-27 19:55:00-04:00,nq1,NQ,long,fade,A,A-/B+,NQZ6,30846.0,30781.5,30781.25,64.75,0.8376310242268488,False,False,3,30951.0,1.6216216216216217,stop,-65.75,-402.3,-0.8046,2.117109196412872,30.46607142857142,77.30133928571429
2026-09-28,2026-09-27 22:50:00-04:00,nq2,NQ,long,fade,A,A-/B+,NQZ6,30684.0,30680.25,30638.300892857143,45.69910714285652,0.5911813115416742,False,False,5,30769.0,1.8599925756599125,stop,-46.69910714285652,-479.9910714285652,-0.9599821428571303,0.12308774397749256,30.46607142857142,77.30133928571429
2026-09-28,2026-09-28 12:15:00-04:00,es3,ES,long,fade,B,B/B+,ESZ6,7752.75,7726.0,7725.75,27.0,1.8392482437733784,False,False,3,7779.0,0.9722222222222222,target,25.75,378.45,0.7569,4.318558558558559,6.194196428571428,14.679910714285715
2026-09-29,2026-09-28 19:45:00-04:00,es2,ES,short,fade,B,B-,ESZ6,7749.0,7752.75,7759.576339285714,10.576339285714312,0.7500949848024334,False,False,9,7726.0,2.1746654847832456,target,22.5,989.1,1.9782,0.531847537039382,7.050892857142857,14.1
2026-09-29,2026-09-28 20:30:00-04:00,nq1,NQ,long,fade,B,B/B-,NQZ6,30530.0,30513.0,30475.515848214287,54.48415178571304,0.7013245603953407,False,False,4,30638.0,1.9822277939604451,stop,-55.48415178571304,-454.2732142857043,-0.9085464285714085,0.4680260069073166,36.32276785714286,77.6875
2026-09-29,2026-09-28 23:15:00-04:00,es1,ES,long,fade,A,A/A-,ESZ6,7726.0,7725.5,7715.423660714286,10.576339285714312,0.7500949848024334,False,False,9,7749.0,2.1746654847832456,target,22.5,989.1,1.9782,0.07091300493858427,7.050892857142857,14.1
2026-09-29,2026-09-29 07:05:00-04:00,nq2,NQ,short,fade,B,B-/B-,NQZ6,30638.0,30669.0,30692.484151785713,54.48415178571304,0.7013245603953407,False,False,4,30530.0,1.9822277939604451,stop,-55.48415178571304,-454.2732142857043,-0.9085464285714085,0.8534591890662832,36.32276785714286,77.6875
2026-09-30,2026-09-29 18:10:00-04:00,es3,ES,short,fade,B,B/B-,ESZ6,7745.0,7747.0,7753.355133928571,8.355133928571377,0.6919877246173144,False,False,11,7725.0,2.393737810905414,stop,-9.355133928571377,-543.1323660714257,-1.0862647321428516,0.35906067163580985,5.570089285714286,12.074107142857143
2026-09-30,2026-09-29 20:10:00-04:00,nq1,NQ,long,break,B,B/B-,NQZ6,30725.5,30725.5,30680.44308035714,45.0569196428587,0.6374623405989092,False,False,5,30827.0,2.2527061504544563,stop,-46.0569196428587,-473.569196428587,-0.947138392857174,0.0,30.037946428571427,70.68169642857143
2026-09-30,2026-09-29 20:15:00-04:00,nq2,NQ,short,fade,B,B-,NQZ6,30725.5,30737.0,30770.55691964286,45.0569196428587,0.6374623405989092,False,False,5,30569.0,3.473384360060319,target,156.0,1547.0,3.094,0.38284907483094305,30.037946428571427,70.68169642857143
2026-09-30,2026-09-29 21:25:00-04:00,nq3,NQ,short,break,B,B-,NQZ6,30638.0,30669.0,30683.05691964286,45.0569196428587,0.6374623405989092,False,False,5,30569.0,1.5313962993237191,be,-0.75,-20.5,-0.041,1.032027940848629,30.037946428571427,70.68169642857143
2026-09-30,2026-09-30 07:20:00-04:00,es2,ES,long,fade,B,B-,ESZ6,7725.0,7719.5,7716.644866071429,8.355133928571377,0.6919877246173144,False,False,11,7749.0,2.872485373086497,target,23.5,1263.9,2.5278,0.9874168469984771,5.570089285714286,12.074107142857143
2026-09-30,2026-09-30 10:00:00-04:00,es1,ES,long,break,B,B/B-,ESZ6,7770.75,7758.5,7758.25,12.5,1.0352732381867928,False,False,7,7789.0,1.46,stop,-13.5,-490.7,-0.9813999999999999,2.1992466137693354,5.570089285714286,12.074107142857143
2026-10-01,2026-09-30 18:15:00-04:00,es2,ES,long,break,B,B- (tight leash),ESZ6,7727.0,7718.0,7717.75,9.25,0.8359895097841437,False,False,10,7741.0,1.5135135135135136,target,13.5,649.0,1.298,1.7272104180945855,5.210714285714285,11.064732142857142
2026-10-01,2026-09-30 19:05:00-04:00,nq1,NQ,short,fade,B,B-,NQZ6,30769.0,30794.75,30808.957589285714,39.957589285713766,0.6535453768811114,False,False,6,30669.0,2.5026534830456724,stop,-40.957589285713766,-507.0910714285652,-1.0141821428571305,0.9666499078263785,26.638392857142854,61.139732142857135
2026-10-01,2026-10-01 03:10:00-04:00,es1,ES,short,fade,B,B/B+,ESZ6,7747.25,7767.75,7768.0,20.75,1.8753278192455114,False,False,4,7725.0,1.072289156626506,target,21.75,424.6,0.8492000000000001,3.9342015078821113,5.210714285714285,11.064732142857142
2026-10-02,2026-10-01 18:25:00-04:00,es2,ES,long,fade,C,C+/B-,ESZ6,7725.0,7724.0,7712.666517857143,12.333482142857065,0.8629122938530679,False,False,7,7749.0,1.9459224671517117,target,23.5,804.3,1.6085999999999998,0.12162015419698122,8.222321428571428,14.292857142857144
2026-10-02,2026-10-01 19:05:00-04:00,nq2,NQ,short,fade,B,B+/A-,NQZ6,30846.0,30852.25,30909.961607142857,63.96160714285725,0.8400900636778361,False,False,3,30734.0,1.7510504348311597,stop,-64.96160714285725,-397.5696428571435,-0.7951392857142869,0.14657230202269775,42.641071428571436,76.13660714285714
