time,Open,High,Low,Close,Volume
2026-07-21 00:00:00-04:00,7515.0,7516.25,7513.0,7514.25,0
2026-07-21 01:00:00-04:00,7514.25,7523.75,7510.0,7520.75,7180
2026-07-21 02:00:00-04:00,7520.75,7530.25,7518.0,7523.75,10818
2026-07-21 03:00:00-04:00,7524.0,7528.0,7514.0,7517.75,16151
2026-07-21 04:00:00-04:00,7517.75,7525.75,7516.0,7523.25,9903
2026-07-21 05:00:00-04:00,7523.25,7528.25,7521.25,7522.5,8635
2026-07-21 06:00:00-04:00,7522.75,7530.25,7519.5,7522.0,17697
2026-07-21 07:00:00-04:00,7522.25,7523.5,7511.0,7515.0,13326
2026-07-21 08:00:00-04:00,7515.0,7522.0,7505.25,7515.5,25207
2026-07-21 09:00:00-04:00,7515.75,7530.25,7504.5,7516.5,159303
2026-07-21 10:00:00-04:00,7516.75,7536.5,7510.75,7531.25,184548
2026-07-21 11:00:00-04:00,7531.0,7544.0,7521.5,7538.75,118683
2026-07-21 12:00:00-04:00,7538.5,7554.0,7538.25,7550.5,68112
2026-07-21 13:00:00-04:00,7550.25,7552.5,7545.25,7549.25,52367
2026-07-21 14:00:00-04:00,7549.0,7550.75,7542.25,7547.0,57882
2026-07-21 15:00:00-04:00,7546.75,7549.5,7543.5,7545.75,136659
2026-07-21 16:00:00-04:00,7545.5,7547.0,7540.75,7542.75,37387
2026-07-21 18:00:00-04:00,7545.0,7545.5,7538.25,7540.5,0
2026-07-21 19:00:00-04:00,7540.5,7544.0,7539.5,7543.25,3278
2026-07-21 20:00:00-04:00,7543.0,7547.0,7537.5,7542.0,7924
2026-07-21 21:00:00-04:00,7542.0,7544.5,7534.25,7541.0,6963
2026-07-21 22:00:00-04:00,7541.0,7543.0,7536.0,7541.25,5206
2026-07-21 23:00:00-04:00,7541.0,7544.75,7534.25,7535.0,6043
2026-07-22 00:00:00-04:00,7538.0,7539.25,7535.25,7538.25,3272
2026-07-22 01:00:00-04:00,7538.5,7538.75,7532.5,7536.25,5316
2026-07-22 02:00:00-04:00,7536.25,7536.5,7521.0,7522.75,13437
2026-07-22 03:00:00-04:00,7522.5,7527.25,7512.0,7516.0,20046
2026-07-22 04:00:00-04:00,7516.25,7526.5,7514.75,7525.0,13120
2026-07-22 05:00:00-04:00,7525.25,7531.75,7520.25,7526.25,13233
2026-07-22 06:00:00-04:00,7526.25,7533.0,7524.5,7530.0,11162
2026-07-22 07:00:00-04:00,7530.0,7530.25,7511.5,7517.25,20496
2026-07-22 08:00:00-04:00,7517.5,7523.25,7504.0,7514.75,30219
2026-07-22 09:00:00-04:00,7514.75,7550.0,7514.75,7549.75,128003
2026-07-22 10:00:00-04:00,7550.0,7556.25,7528.75,7541.75,166759
2026-07-22 11:00:00-04:00,7542.0,7560.75,7541.25,7560.0,111732
2026-07-22 12:00:00-04:00,7560.25,7563.5,7557.25,7561.0,54007
2026-07-22 13:00:00-04:00,7561.0,7562.5,7546.0,7547.5,62563
2026-07-22 14:00:00-04:00,7547.75,7549.75,7542.25,7546.75,74760
2026-07-22 15:00:00-04:00,7547.0,7547.25,7535.75,7536.75,151156
2026-07-22 16:00:00-04:00,7536.75,7554.0,7531.75,7541.0,65855
2026-07-22 18:00:00-04:00,7530.25,7536.0,7515.75,7522.5,0
2026-07-22 19:00:00-04:00,7522.5,7530.5,7517.0,7530.25,6468
2026-07-22 20:00:00-04:00,7530.5,7549.25,7527.75,7546.5,13294
2026-07-22 21:00:00-04:00,7546.5,7549.5,7538.25,7538.75,10667
2026-07-22 22:00:00-04:00,7538.75,7541.75,7526.5,7530.75,8655
2026-07-22 23:00:00-04:00,7531.0,7531.25,7520.75,7528.0,6433
2026-07-23 00:00:00-04:00,7525.0,7533.75,7523.75,7527.25,5048
2026-07-23 01:00:00-04:00,7527.5,7535.5,7521.5,7522.75,5269
2026-07-23 02:00:00-04:00,7522.5,7526.5,7519.25,7519.75,9411
2026-07-23 03:00:00-04:00,7519.75,7520.5,7495.25,7504.5,25612
2026-07-23 04:00:00-04:00,7504.25,7519.5,7498.75,7518.75,15219
2026-07-23 05:00:00-04:00,7518.75,7526.0,7509.25,7511.25,11773
2026-07-23 06:00:00-04:00,7511.25,7524.25,7508.5,7520.5,11135
2026-07-23 07:00:00-04:00,7520.25,7521.75,7490.0,7500.0,30903
2026-07-23 08:00:00-04:00,7500.0,7501.5,7462.0,7466.0,63700
2026-07-23 09:00:00-04:00,7465.75,7486.25,7445.0,7455.75,235692
2026-07-23 10:00:00-04:00,7455.75,7469.75,7440.0,7443.5,248738
2026-07-23 11:00:00-04:00,7443.75,7445.0,7411.75,7438.25,233111
2026-07-23 12:00:00-04:00,7438.25,7457.5,7435.25,7446.75,150083
2026-07-23 13:00:00-04:00,7446.75,7452.25,7431.75,7432.0,107583
2026-07-23 14:00:00-04:00,7431.75,7437.5,7426.75,7431.25,86323
2026-07-23 15:00:00-04:00,7431.25,7447.75,7418.5,7444.0,207317
2026-07-23 16:00:00-04:00,7443.75,7458.25,7443.5,7455.75,56390
2026-07-23 18:00:00-04:00,7450.5,7454.0,7442.75,7453.25,0
2026-07-23 19:00:00-04:00,7453.25,7453.75,7444.5,7449.0,5669
2026-07-23 20:00:00-04:00,7449.25,7457.0,7443.5,7454.25,15054
2026-07-23 21:00:00-04:00,7454.5,7459.25,7450.25,7451.0,8483
2026-07-23 22:00:00-04:00,7451.0,7453.25,7439.25,7439.5,7511
2026-07-23 23:00:00-04:00,7439.5,7444.0,7436.75,7437.25,6783
2026-07-24 00:00:00-04:00,7440.5,7444.75,7436.75,7443.5,5316
2026-07-24 01:00:00-04:00,7443.25,7450.5,7441.5,7442.0,6753
2026-07-24 02:00:00-04:00,7442.25,7447.25,7433.75,7442.5,9134
2026-07-24 03:00:00-04:00,7442.75,7463.25,7442.0,7456.5,15379
2026-07-24 04:00:00-04:00,7456.75,7462.0,7449.25,7457.25,11204
2026-07-24 05:00:00-04:00,7457.5,7467.5,7456.25,7465.75,12216
2026-07-24 06:00:00-04:00,7465.75,7467.0,7457.75,7458.5,9144
2026-07-24 07:00:00-04:00,7458.5,7469.0,7453.0,7465.0,18594
2026-07-24 08:00:00-04:00,7465.0,7467.75,7449.0,7450.25,28242
2026-07-24 09:00:00-04:00,7450.0,7457.25,7432.5,7433.5,158117
2026-07-24 10:00:00-04:00,7433.75,7466.5,7431.5,7465.0,234491
2026-07-24 11:00:00-04:00,7464.75,7492.0,7454.75,7489.75,216192
2026-07-24 12:00:00-04:00,7489.75,7496.5,7466.25,7473.5,133674
2026-07-24 13:00:00-04:00,7473.75,7481.0,7461.0,7469.0,94897
2026-07-24 14:00:00-04:00,7469.0,7472.25,7435.5,7443.25,126237
2026-07-24 15:00:00-04:00,7443.25,7451.0,7432.0,7448.0,200012
2026-07-24 16:00:00-04:00,7447.75,7450.0,7439.25,7447.5,44878
2026-07-26 18:00:00-04:00,7492.5,7498.5,7490.0,7491.75,6566
2026-07-26 19:00:00-04:00,7492.0,7512.0,7491.0,7511.0,11393
2026-07-26 20:00:00-04:00,7511.0,7512.0,7492.5,7492.75,16706
2026-07-26 21:00:00-04:00,7492.5,7499.25,7487.0,7498.0,12532
2026-07-26 22:00:00-04:00,7498.25,7502.5,7495.75,7499.25,7047
2026-07-26 23:00:00-04:00,7499.25,7503.5,7498.0,7499.25,4640
2026-07-27 00:00:00-04:00,7499.5,7507.0,7498.75,7504.75,5284
2026-07-27 01:00:00-04:00,7504.75,7517.0,7504.25,7514.5,8681
2026-07-27 02:00:00-04:00,7514.5,7520.0,7510.75,7511.75,13217
2026-07-27 03:00:00-04:00,7511.75,7517.25,7505.75,7505.75,15495
2026-07-27 04:00:00-04:00,7505.75,7520.0,7505.5,7519.25,14963
2026-07-27 05:00:00-04:00,7519.25,7524.75,7516.5,7522.25,11390
2026-07-27 06:00:00-04:00,7522.25,7524.25,7518.5,7521.75,9524
2026-07-27 07:00:00-04:00,7521.75,7522.0,7507.75,7511.75,18110
2026-07-27 08:00:00-04:00,7511.75,7515.25,7504.5,7513.25,23761
2026-07-27 09:00:00-04:00,7513.5,7515.25,7473.75,7474.0,168359
2026-07-27 10:00:00-04:00,7474.0,7479.25,7423.0,7455.5,301877
2026-07-27 11:00:00-04:00,7455.75,7461.75,7421.25,7433.0,178856
2026-07-27 12:00:00-04:00,7433.0,7455.25,7424.25,7428.0,149821
2026-07-27 13:00:00-04:00,7428.25,7436.5,7416.25,7436.0,101391
2026-07-27 14:00:00-04:00,7436.25,7450.5,7424.0,7448.75,110415
2026-07-27 15:00:00-04:00,7448.75,7456.75,7442.75,7449.0,165390
2026-07-27 16:00:00-04:00,7449.25,7456.5,7445.0,7453.5,35814
2026-07-27 18:00:00-04:00,7453.0,7456.0,7444.0,7444.5,0
2026-07-27 19:00:00-04:00,7444.5,7450.0,7440.0,7447.75,5213
2026-07-27 20:00:00-04:00,7448.25,7452.0,7434.25,7437.75,12395
2026-07-27 21:00:00-04:00,7437.5,7443.5,7425.0,7434.25,13386
2026-07-27 22:00:00-04:00,7434.5,7435.75,7426.75,7430.5,8149
2026-07-27 23:00:00-04:00,7430.5,7442.0,7424.0,7440.75,10950
2026-07-28 00:00:00-04:00,7435.75,7435.75,7426.0,7427.25,7722
2026-07-28 01:00:00-04:00,7427.5,7448.25,7419.0,7420.75,8330
2026-07-28 02:00:00-04:00,7421.25,7431.5,7419.5,7429.75,14131
2026-07-28 03:00:00-04:00,7429.75,7438.5,7429.0,7433.25,15095
2026-07-28 04:00:00-04:00,7433.5,7449.0,7425.25,7442.0,20923
2026-07-28 05:00:00-04:00,7441.75,7445.75,7438.0,7439.75,8583
2026-07-28 06:00:00-04:00,7439.5,7444.25,7433.75,7442.25,14587
2026-07-28 07:00:00-04:00,7442.25,7452.5,7432.5,7450.75,33645
2026-07-28 08:00:00-04:00,7450.75,7467.0,7448.25,7456.5,33953
2026-07-28 09:00:00-04:00,7456.5,7462.25,7417.0,7422.0,193077
2026-07-28 10:00:00-04:00,7421.75,7456.0,7420.0,7444.0,204557
2026-07-28 11:00:00-04:00,7444.25,7482.25,7437.5,7479.5,188950
2026-07-28 12:00:00-04:00,7479.75,7485.75,7466.75,7484.0,107525
2026-07-28 13:00:00-04:00,7484.0,7485.5,7462.75,7469.5,106135
2026-07-28 14:00:00-04:00,7469.75,7474.0,7462.0,7472.25,82815
2026-07-28 15:00:00-04:00,7472.25,7477.5,7462.5,7466.0,164090
2026-07-28 16:00:00-04:00,7466.25,7474.0,7458.25,7467.5,46662
2026-07-28 18:00:00-04:00,7464.0,7474.0,7450.5,7451.75,0
2026-07-28 19:00:00-04:00,7452.0,7495.25,7449.25,7494.75,27948
2026-07-28 20:00:00-04:00,7494.75,7501.0,7485.25,7486.75,21961
2026-07-28 21:00:00-04:00,7486.75,7489.25,7455.0,7455.5,22257
2026-07-28 22:00:00-04:00,7455.25,7468.75,7453.25,7463.25,12758
2026-07-28 23:00:00-04:00,7463.25,7468.0,7445.0,7447.25,11717
2026-07-29 00:00:00-04:00,7445.75,7450.5,7438.5,7450.5,13384
2026-07-29 01:00:00-04:00,7450.75,7462.75,7448.5,7457.75,9909
2026-07-29 02:00:00-04:00,7457.5,7480.0,7451.25,7478.75,14673
2026-07-29 03:00:00-04:00,7478.75,7485.0,7474.75,7481.25,17363
2026-07-29 04:00:00-04:00,7481.25,7486.0,7469.0,7480.75,18043
2026-07-29 05:00:00-04:00,7481.0,7492.0,7477.5,7485.75,14065
2026-07-29 06:00:00-04:00,7485.75,7488.5,7476.0,7477.5,13294
2026-07-29 07:00:00-04:00,7478.0,7484.75,7476.25,7480.75,13219
2026-07-29 08:00:00-04:00,7480.75,7481.5,7455.5,7463.5,32539
2026-07-29 09:00:00-04:00,7463.5,7464.75,7422.0,7430.0,183554
2026-07-29 10:00:00-04:00,7430.0,7439.75,7393.0,7403.75,259381
2026-07-29 11:00:00-04:00,7403.75,7412.5,7385.75,7393.0,151358
2026-07-29 12:00:00-04:00,7393.25,7404.5,7371.75,7404.5,142031
2026-07-29 13:00:00-04:00,7404.25,7428.25,7402.75,7419.5,134716
2026-07-29 14:00:00-04:00,7419.75,7482.75,7414.75,7475.25,254256
2026-07-29 15:00:00-04:00,7475.25,7482.0,7345.75,7350.25,447203
2026-07-29 16:00:00-04:00,7350.25,7358.0,7324.0,7335.25,112523
2026-07-29 18:00:00-04:00,7338.0,7376.5,7331.0,7370.0,0
2026-07-29 19:00:00-04:00,7370.0,7382.75,7369.5,7378.25,13910
2026-07-29 20:00:00-04:00,7378.5,7387.75,7368.0,7375.75,23921
2026-07-29 21:00:00-04:00,7376.25,7392.25,7374.25,7388.75,17696
2026-07-29 22:00:00-04:00,7389.0,7392.75,7377.5,7378.25,10060
2026-07-29 23:00:00-04:00,7378.25,7384.0,7369.5,7374.0,10229
2026-07-30 00:00:00-04:00,7373.0,7379.25,7366.25,7367.5,8042
2026-07-30 01:00:00-04:00,7367.75,7377.0,7361.75,7368.5,12024
2026-07-30 02:00:00-04:00,7368.5,7369.25,7358.5,7363.75,14857
2026-07-30 03:00:00-04:00,7364.0,7382.25,7354.25,7359.5,34727
2026-07-30 04:00:00-04:00,7359.5,7378.75,7351.5,7372.75,21442
2026-07-30 05:00:00-04:00,7372.5,7388.0,7371.25,7374.5,15814
2026-07-30 06:00:00-04:00,7374.5,7392.5,7371.5,7385.0,18139
2026-07-30 07:00:00-04:00,7385.25,7402.0,7385.25,7399.75,20956
2026-07-30 08:00:00-04:00,7399.5,7406.0,7392.75,7398.75,38943
2026-07-30 09:00:00-04:00,7398.75,7440.0,7397.75,7439.75,233682
2026-07-30 10:00:00-04:00,7439.5,7446.5,7408.75,7415.25,273721
2026-07-30 11:00:00-04:00,7415.25,7430.0,7399.0,7424.5,228018
2026-07-30 12:00:00-04:00,7424.5,7445.75,7421.75,7443.75,145810
2026-07-30 13:00:00-04:00,7443.75,7457.75,7443.75,7451.5,92295
2026-07-30 14:00:00-04:00,7451.75,7462.5,7450.5,7461.5,72810
2026-07-30 15:00:00-04:00,7461.5,7478.5,7461.25,7472.75,213987
2026-07-30 16:00:00-04:00,7472.75,7498.0,7468.0,7474.5,81439
2026-07-30 18:00:00-04:00,7479.5,7485.5,7468.25,7484.5,0
2026-07-30 19:00:00-04:00,7484.5,7491.5,7480.25,7487.75,6905
2026-07-30 20:00:00-04:00,7487.75,7498.0,7484.75,7495.0,12174
2026-07-30 21:00:00-04:00,7495.0,7504.5,7494.25,7497.75,13357
2026-07-30 22:00:00-04:00,7497.75,7500.5,7488.5,7493.0,8284
2026-07-30 23:00:00-04:00,7492.75,7498.75,7488.25,7497.5,7503
2026-07-31 00:00:00-04:00,7497.75,7509.25,7496.75,7508.75,6583
2026-07-31 01:00:00-04:00,7508.75,7510.75,7505.5,7508.25,7403
2026-07-31 02:00:00-04:00,7508.25,7511.25,7491.75,7496.5,14790
2026-07-31 03:00:00-04:00,7496.25,7509.25,7493.25,7506.75,20729
2026-07-31 04:00:00-04:00,7506.5,7513.75,7503.0,7513.0,16310
2026-07-31 05:00:00-04:00,7513.0,7517.75,7503.75,7504.25,15190
2026-07-31 06:00:00-04:00,7504.0,7512.0,7502.0,7506.75,12209
2026-07-31 07:00:00-04:00,7506.75,7511.5,7494.5,7499.25,17849
2026-07-31 08:00:00-04:00,7499.5,7499.5,7479.5,7483.0,32666
2026-07-31 09:00:00-04:00,7483.0,7515.5,7466.75,7470.75,239890
2026-07-31 10:00:00-04:00,7470.5,7481.25,7427.5,7477.0,360415
2026-07-31 11:00:00-04:00,7477.0,7485.0,7449.25,7482.5,210303
2026-07-31 12:00:00-04:00,7482.5,7503.0,7475.75,7497.5,130454
2026-07-31 13:00:00-04:00,7497.5,7517.0,7496.5,7506.0,114514
2026-07-31 14:00:00-04:00,7505.75,7516.75,7504.25,7513.0,84589
2026-07-31 15:00:00-04:00,7512.75,7541.0,7509.0,7520.0,310378
2026-07-31 16:00:00-04:00,7520.0,7527.75,7499.0,7519.25,84857
2026-08-02 18:00:00-04:00,7553.5,7557.5,7544.5,7545.5,9857
2026-08-02 19:00:00-04:00,7545.75,7555.0,7543.5,7551.5,8173
2026-08-02 20:00:00-04:00,7551.5,7556.75,7545.5,7554.25,15853
2026-08-02 21:00:00-04:00,7554.0,7558.75,7549.75,7558.0,10018
2026-08-02 22:00:00-04:00,7558.0,7561.75,7556.5,7560.5,7183
2026-08-02 23:00:00-04:00,7560.5,7564.5,7558.25,7562.25,7069
2026-08-03 00:00:00-04:00,7561.75,7567.0,7561.0,7563.25,6200
2026-08-03 01:00:00-04:00,7563.5,7565.25,7560.25,7563.0,5978
2026-08-03 02:00:00-04:00,7563.25,7566.0,7555.75,7556.75,9267
2026-08-03 03:00:00-04:00,7557.0,7561.75,7552.75,7559.75,17462
2026-08-03 04:00:00-04:00,7559.75,7560.0,7547.5,7559.5,18211
2026-08-03 05:00:00-04:00,7559.5,7560.25,7553.5,7557.5,10959
2026-08-03 06:00:00-04:00,7557.5,7563.0,7555.5,7562.75,11631
2026-08-03 07:00:00-04:00,7562.75,7567.75,7555.75,7557.5,22527
2026-08-03 08:00:00-04:00,7557.25,7566.25,7553.25,7563.25,30615
2026-08-03 09:00:00-04:00,7563.5,7588.25,7542.75,7588.0,216378
2026-08-03 10:00:00-04:00,7587.75,7606.0,7582.75,7606.0,201940
2026-08-03 11:00:00-04:00,7606.0,7614.0,7599.75,7611.5,149385
2026-08-03 12:00:00-04:00,7611.5,7618.0,7609.25,7613.75,96953
2026-08-03 13:00:00-04:00,7614.0,7629.75,7611.0,7628.0,93461
2026-08-03 14:00:00-04:00,7628.25,7635.0,7625.0,7631.25,120454
2026-08-03 15:00:00-04:00,7631.25,7637.75,7625.75,7628.25,230692
2026-08-03 16:00:00-04:00,7628.25,7636.5,7625.25,7631.25,45257
2026-08-03 18:00:00-04:00,7631.0,7636.5,7629.0,7635.25,0
2026-08-03 19:00:00-04:00,7635.25,7636.25,7632.75,7635.5,4227
2026-08-03 20:00:00-04:00,7635.5,7637.25,7629.25,7632.75,11553
2026-08-03 21:00:00-04:00,7632.75,7647.5,7629.5,7646.5,13671
2026-08-03 22:00:00-04:00,7646.25,7647.5,7639.0,7642.5,7113
2026-08-03 23:00:00-04:00,7642.25,7645.5,7638.25,7645.0,5926
2026-08-04 00:00:00-04:00,7644.0,7646.5,7641.75,7645.5,3071
2026-08-04 01:00:00-04:00,7645.25,7649.5,7642.75,7647.5,5511
2026-08-04 02:00:00-04:00,7647.75,7650.0,7642.75,7644.5,7319
2026-08-04 03:00:00-04:00,7644.5,7648.0,7641.5,7643.5,14850
2026-08-04 04:00:00-04:00,7643.5,7645.75,7635.25,7637.25,18165
2026-08-04 05:00:00-04:00,7637.0,7638.5,7631.75,7637.5,14744
2026-08-04 06:00:00-04:00,7637.75,7647.75,7635.5,7643.0,19853
2026-08-04 07:00:00-04:00,7643.25,7657.75,7641.5,7654.5,29305
2026-08-04 08:00:00-04:00,7654.5,7656.25,7651.0,7651.0,21498
2026-08-04 09:00:00-04:00,7651.0,7686.5,7649.25,7685.5,205567
2026-08-04 10:00:00-04:00,7685.25,7716.5,7682.5,7715.25,243043
2026-08-04 11:00:00-04:00,7715.5,7741.25,7714.0,7736.5,187171
2026-08-04 12:00:00-04:00,7736.5,7755.75,7733.25,7755.25,123068
2026-08-04 13:00:00-04:00,7755.25,7783.75,7754.25,7768.25,152916
2026-08-04 14:00:00-04:00,7768.25,7777.25,7763.5,7773.0,128635
2026-08-04 15:00:00-04:00,7773.0,7786.0,7761.25,7764.75,293219
2026-08-04 16:00:00-04:00,7763.75,7781.25,7761.25,7774.5,80121
2026-08-04 18:00:00-04:00,7772.0,7783.25,7771.0,7780.75,0
2026-08-04 19:00:00-04:00,7780.75,7782.75,7775.75,7777.5,6231
2026-08-04 20:00:00-04:00,7777.25,7785.5,7776.0,7784.25,8543
2026-08-04 21:00:00-04:00,7784.25,7786.0,7777.75,7784.25,8701
2026-08-04 22:00:00-04:00,7784.5,7788.75,7783.0,7786.75,8414
2026-08-04 23:00:00-04:00,7786.75,7792.5,7786.5,7792.0,7996
2026-08-05 00:00:00-04:00,7792.75,7792.75,7788.25,7791.25,4935
2026-08-05 01:00:00-04:00,7791.25,7800.0,7790.5,7798.75,6946
2026-08-05 02:00:00-04:00,7798.5,7799.5,7791.0,7798.0,9271
2026-08-05 03:00:00-04:00,7798.25,7799.5,7788.0,7793.0,15543
2026-08-05 04:00:00-04:00,7792.75,7796.75,7780.25,7784.25,21633
2026-08-05 05:00:00-04:00,7784.25,7792.0,7782.5,7788.5,12652
2026-08-05 06:00:00-04:00,7788.5,7798.0,7787.5,7797.5,12910
2026-08-05 07:00:00-04:00,7797.5,7799.75,7792.5,7798.0,14971
2026-08-05 08:00:00-04:00,7798.0,7805.25,7795.5,7799.5,28403
2026-08-05 09:00:00-04:00,7799.5,7820.25,7795.0,7819.25,203055
2026-08-05 10:00:00-04:00,7818.75,7818.75,7776.0,7786.25,265756
2026-08-05 11:00:00-04:00,7786.5,7791.5,7754.5,7758.0,189580
2026-08-05 12:00:00-04:00,7757.75,7773.75,7750.5,7769.5,148224
2026-08-05 13:00:00-04:00,7769.75,7773.0,7761.75,7767.0,81542
2026-08-05 14:00:00-04:00,7767.0,7774.5,7763.25,7765.5,72103
2026-08-05 15:00:00-04:00,7765.5,7771.5,7745.75,7748.25,207321
2026-08-05 16:00:00-04:00,7748.25,7761.75,7746.75,7758.75,63405
2026-08-05 18:00:00-04:00,7756.75,7770.75,7756.75,7764.25,0
2026-08-05 19:00:00-04:00,7764.25,7767.75,7760.0,7761.75,4345
2026-08-05 20:00:00-04:00,7762.0,7763.25,7756.75,7757.0,7331
2026-08-05 21:00:00-04:00,7757.0,7757.5,7748.0,7755.0,11741
2026-08-05 22:00:00-04:00,7755.0,7768.0,7755.0,7765.0,7644
2026-08-05 23:00:00-04:00,7765.0,7767.25,7759.0,7761.75,3917
2026-08-06 00:00:00-04:00,7763.0,7765.25,7759.75,7763.0,2873
2026-08-06 01:00:00-04:00,7763.0,7765.5,7760.5,7765.0,3886
2026-08-06 02:00:00-04:00,7765.25,7765.25,7754.0,7759.75,6714
2026-08-06 03:00:00-04:00,7759.75,7764.5,7754.75,7758.5,9960
2026-08-06 04:00:00-04:00,7758.25,7765.5,7750.0,7764.75,11432
2026-08-06 05:00:00-04:00,7764.75,7767.5,7755.25,7767.0,7937
2026-08-06 06:00:00-04:00,7767.0,7767.25,7758.75,7761.75,6900
2026-08-06 07:00:00-04:00,7761.75,7765.5,7750.5,7759.75,19160
2026-08-06 08:00:00-04:00,7759.75,7761.5,7751.75,7754.25,20694
2026-08-06 09:00:00-04:00,7754.25,7765.5,7740.25,7759.25,173647
2026-08-06 10:00:00-04:00,7759.25,7768.5,7745.25,7760.0,179572
2026-08-06 11:00:00-04:00,7759.75,7762.5,7729.25,7731.0,177904
2026-08-06 12:00:00-04:00,7731.0,7740.0,7724.25,7739.5,129377
2026-08-06 13:00:00-04:00,7739.5,7741.5,7726.75,7736.25,81613
2026-08-06 14:00:00-04:00,7736.25,7747.25,7734.5,7739.5,91321
2026-08-06 15:00:00-04:00,7739.5,7747.75,7727.0,7735.75,188594
2026-08-06 16:00:00-04:00,7735.75,7741.5,7727.75,7731.5,44340
2026-08-06 18:00:00-04:00,7735.0,7740.0,7729.75,7737.75,0
2026-08-06 19:00:00-04:00,7737.75,7741.25,7736.25,7740.0,2507
2026-08-06 20:00:00-04:00,7740.0,7742.5,7729.0,7735.75,9812
2026-08-06 21:00:00-04:00,7735.75,7739.25,7727.25,7732.75,9190
2026-08-06 22:00:00-04:00,7732.75,7735.25,7726.5,7732.0,5270
2026-08-06 23:00:00-04:00,7732.25,7734.25,7728.5,7729.25,3892
2026-08-07 00:00:00-04:00,7729.75,7733.5,7725.5,7731.5,4046
2026-08-07 01:00:00-04:00,7731.5,7737.0,7731.25,7731.75,4389
2026-08-07 02:00:00-04:00,7731.75,7740.0,7731.75,7738.0,6304
2026-08-07 03:00:00-04:00,7738.0,7743.75,7736.0,7740.25,7850
2026-08-07 04:00:00-04:00,7740.5,7747.25,7740.25,7745.25,9860
2026-08-07 05:00:00-04:00,7745.5,7749.5,7744.25,7745.75,6140
2026-08-07 06:00:00-04:00,7746.0,7749.5,7744.0,7746.5,5364
2026-08-07 07:00:00-04:00,7746.25,7756.75,7746.25,7748.75,13283
2026-08-07 08:00:00-04:00,7748.5,7778.75,7747.25,7774.75,59005
2026-08-07 09:00:00-04:00,7774.75,7776.0,7751.75,7758.0,187201
2026-08-07 10:00:00-04:00,7758.0,7781.25,7743.5,7776.25,215605
2026-08-07 11:00:00-04:00,7776.25,7786.75,7771.25,7778.0,117269
2026-08-07 12:00:00-04:00,7778.0,7781.25,7757.75,7767.0,112266
2026-08-07 13:00:00-04:00,7767.0,7772.25,7764.25,7768.75,55109
2026-08-07 14:00:00-04:00,7768.75,7770.25,7756.0,7764.5,65182
2026-08-07 15:00:00-04:00,7764.5,7785.5,7763.75,7778.5,196366
2026-08-07 16:00:00-04:00,7778.5,7781.25,7773.0,7779.75,48577
2026-08-09 18:00:00-04:00,7772.0,7773.5,7763.0,7768.5,5387
2026-08-09 19:00:00-04:00,7769.0,7773.25,7766.75,7767.0,4878
2026-08-09 20:00:00-04:00,7767.0,7778.0,7765.25,7770.75,8839
2026-08-09 21:00:00-04:00,7770.75,7781.5,7769.75,7780.5,6625
2026-08-09 22:00:00-04:00,7780.5,7783.25,7777.5,7782.25,3526
2026-08-09 23:00:00-04:00,7782.0,7786.25,7780.5,7783.75,3551
2026-08-10 00:00:00-04:00,7783.5,7788.75,7782.25,7787.25,3467
2026-08-10 01:00:00-04:00,7787.5,7791.25,7787.25,7790.75,2998
2026-08-10 02:00:00-04:00,7790.75,7792.75,7784.5,7787.0,6265
2026-08-10 03:00:00-04:00,7787.0,7796.25,7783.5,7792.25,11280
2026-08-10 04:00:00-04:00,7792.25,7793.75,7789.0,7791.75,7320
2026-08-10 05:00:00-04:00,7791.75,7793.25,7788.5,7789.0,5266
2026-08-10 06:00:00-04:00,7789.0,7791.0,7784.0,7785.5,7873
2026-08-10 07:00:00-04:00,7785.5,7787.25,7778.5,7782.5,13983
2026-08-10 08:00:00-04:00,7782.25,7785.75,7771.5,7773.75,17372
2026-08-10 09:00:00-04:00,7773.75,7783.5,7769.75,7780.75,128775
2026-08-10 10:00:00-04:00,7780.75,7798.0,7780.25,7781.5,128439
2026-08-10 11:00:00-04:00,7781.75,7790.75,7778.0,7790.0,101316
2026-08-10 12:00:00-04:00,7790.0,7791.25,7764.5,7776.25,100011
2026-08-10 13:00:00-04:00,7776.0,7779.5,7771.25,7773.75,58961
2026-08-10 14:00:00-04:00,7773.75,7779.75,7769.25,7778.5,55215
2026-08-10 15:00:00-04:00,7778.75,7781.25,7770.25,7778.0,147988
2026-08-10 16:00:00-04:00,7778.0,7778.5,7773.0,7777.25,35384
2026-08-10 18:00:00-04:00,7778.25,7781.25,7771.25,7773.5,0
2026-08-10 19:00:00-04:00,7773.5,7774.0,7766.5,7770.75,5648
2026-08-10 20:00:00-04:00,7770.75,7781.25,7767.75,7779.75,7428
2026-08-10 21:00:00-04:00,7779.5,7786.5,7778.0,7783.25,7207
2026-08-10 22:00:00-04:00,7783.0,7786.75,7782.5,7784.5,3610
2026-08-10 23:00:00-04:00,7784.25,7789.25,7784.25,7787.0,3371
2026-08-11 00:00:00-04:00,7787.0,7789.5,7786.75,7787.0,2562
2026-08-11 01:00:00-04:00,7787.0,7788.75,7780.5,7780.5,3960
2026-08-11 02:00:00-04:00,7780.75,7784.5,7770.5,7774.75,8501
2026-08-11 03:00:00-04:00,7775.0,7777.5,7770.75,7776.0,8539
2026-08-11 04:00:00-04:00,7776.0,7780.5,7770.0,7775.0,10598
2026-08-11 05:00:00-04:00,7775.0,7780.5,7771.5,7778.0,7647
2026-08-11 06:00:00-04:00,7778.0,7787.75,7775.0,7785.25,9410
2026-08-11 07:00:00-04:00,7785.25,7796.0,7784.75,7789.25,21188
2026-08-11 08:00:00-04:00,7789.25,7795.25,7785.25,7787.5,20404
2026-08-11 09:00:00-04:00,7787.75,7793.5,7771.75,7782.0,125093
2026-08-11 10:00:00-04:00,7782.25,7787.0,7778.0,7782.0,127193
2026-08-11 11:00:00-04:00,7782.0,7784.0,7762.25,7765.5,120703
2026-08-11 12:00:00-04:00,7765.5,7769.75,7755.75,7756.75,79153
2026-08-11 13:00:00-04:00,7756.75,7759.0,7747.75,7757.5,74414
2026-08-11 14:00:00-04:00,7757.75,7757.75,7738.0,7746.25,88161
2026-08-11 15:00:00-04:00,7746.0,7756.5,7743.25,7750.0,167006
2026-08-11 16:00:00-04:00,7750.0,7757.75,7746.75,7753.25,41707
2026-08-11 18:00:00-04:00,7756.0,7756.5,7750.5,7752.75,0
2026-08-11 19:00:00-04:00,7753.0,7755.75,7751.75,7755.25,1579
2026-08-11 20:00:00-04:00,7755.25,7755.5,7749.0,7752.5,5669
2026-08-11 21:00:00-04:00,7752.5,7754.0,7748.5,7749.75,4850
2026-08-11 22:00:00-04:00,7749.75,7755.5,7749.75,7755.5,3344
2026-08-11 23:00:00-04:00,7755.5,7756.5,7753.75,7755.5,2574
2026-08-12 00:00:00-04:00,7754.5,7758.0,7754.5,7757.25,2263
2026-08-12 01:00:00-04:00,7757.5,7757.5,7752.75,7756.75,2543
2026-08-12 02:00:00-04:00,7756.75,7759.75,7754.25,7759.75,4801
2026-08-12 03:00:00-04:00,7759.5,7761.5,7757.0,7759.5,8341
2026-08-12 04:00:00-04:00,7759.5,7763.5,7758.25,7762.25,6652
2026-08-12 05:00:00-04:00,7762.5,7773.75,7762.25,7766.5,14022
2026-08-12 06:00:00-04:00,7766.25,7770.25,7759.25,7766.5,11123
2026-08-12 07:00:00-04:00,7766.25,7771.5,7764.5,7770.5,9702
2026-08-12 08:00:00-04:00,7770.5,7788.0,7760.75,7784.75,47692
2026-08-12 09:00:00-04:00,7784.75,7794.0,7765.5,7770.5,155908
2026-08-12 10:00:00-04:00,7770.5,7777.75,7756.5,7766.75,160388
2026-08-12 11:00:00-04:00,7766.75,7769.5,7760.25,7764.75,92154
2026-08-12 12:00:00-04:00,7764.75,7776.25,7764.25,7773.25,71953
2026-08-12 13:00:00-04:00,7773.25,7777.5,7770.25,7772.5,57290
2026-08-12 14:00:00-04:00,7772.5,7781.0,7772.25,7775.0,58386
2026-08-12 15:00:00-04:00,7775.0,7778.75,7764.5,7769.5,129927
2026-08-12 16:00:00-04:00,7769.75,7777.75,7766.5,7766.75,37387
2026-08-12 18:00:00-04:00,7770.0,7771.0,7766.5,7768.75,0
2026-08-12 19:00:00-04:00,7768.5,7771.75,7767.5,7768.25,2557
2026-08-12 20:00:00-04:00,7768.25,7773.5,7767.5,7770.5,5838
2026-08-12 21:00:00-04:00,7770.25,7771.25,7764.25,7770.0,4964
2026-08-12 22:00:00-04:00,7770.25,7774.5,7768.0,7773.0,3695
2026-08-12 23:00:00-04:00,7772.75,7775.5,7772.0,7775.0,3020
2026-08-13 00:00:00-04:00,7775.75,7777.5,7772.0,7775.75,3227
2026-08-13 01:00:00-04:00,7775.75,7780.5,7775.0,7776.25,4456
2026-08-13 02:00:00-04:00,7776.5,7779.75,7773.75,7777.75,4301
2026-08-13 03:00:00-04:00,7778.0,7780.0,7774.0,7777.75,5970
2026-08-13 04:00:00-04:00,7777.75,7783.0,7775.25,7781.5,7115
2026-08-13 05:00:00-04:00,7781.5,7784.75,7778.0,7784.25,5061
2026-08-13 06:00:00-04:00,7784.25,7785.5,7783.0,7785.0,4391
2026-08-13 07:00:00-04:00,7785.0,7789.0,7782.75,7784.0,7659
2026-08-13 08:00:00-04:00,7784.0,7790.25,7778.0,7788.5,22980
2026-08-13 09:00:00-04:00,7788.5,7821.5,7785.5,7820.75,142130
2026-08-13 10:00:00-04:00,7820.75,7838.5,7818.0,7822.25,190124
2026-08-13 11:00:00-04:00,7822.0,7826.75,7797.75,7799.0,174928
2026-08-13 12:00:00-04:00,7798.75,7812.25,7798.5,7811.5,78394
2026-08-13 13:00:00-04:00,7811.5,7819.25,7810.5,7811.75,71117
2026-08-13 14:00:00-04:00,7811.75,7823.75,7811.0,7822.0,77243
2026-08-13 15:00:00-04:00,7822.0,7828.75,7818.0,7823.25,171985
2026-08-13 16:00:00-04:00,7823.25,7825.5,7818.5,7825.25,42660
2026-08-13 18:00:00-04:00,7825.0,7827.0,7822.75,7824.0,0
2026-08-13 19:00:00-04:00,7824.0,7827.5,7823.75,7825.75,2682
2026-08-13 20:00:00-04:00,7825.75,7828.75,7823.0,7824.25,5769
2026-08-13 21:00:00-04:00,7824.0,7825.0,7820.25,7823.5,6016
2026-08-13 22:00:00-04:00,7823.5,7827.0,7823.5,7825.0,4086
2026-08-13 23:00:00-04:00,7825.0,7827.75,7824.25,7824.25,2933
2026-08-14 00:00:00-04:00,7825.25,7825.5,7822.5,7823.0,3555
2026-08-14 01:00:00-04:00,7823.25,7826.0,7821.5,7824.75,3714
2026-08-14 02:00:00-04:00,7824.75,7824.75,7820.5,7821.75,3887
2026-08-14 03:00:00-04:00,7821.75,7824.75,7820.0,7823.5,6818
2026-08-14 04:00:00-04:00,7823.5,7828.75,7822.0,7826.25,8437
2026-08-14 05:00:00-04:00,7826.25,7827.75,7824.0,7827.75,5773
2026-08-14 06:00:00-04:00,7827.5,7829.5,7825.5,7828.75,7777
2026-08-14 07:00:00-04:00,7828.75,7830.75,7826.25,7829.25,9014
2026-08-14 08:00:00-04:00,7829.25,7831.75,7821.0,7830.5,17439
2026-08-14 09:00:00-04:00,7830.25,7831.0,7819.25,7826.25,115654
2026-08-14 10:00:00-04:00,7825.75,7830.75,7809.5,7809.5,140718
2026-08-14 11:00:00-04:00,7809.75,7813.75,7800.0,7804.25,122841
2026-08-14 12:00:00-04:00,7804.5,7810.25,7798.5,7799.25,76716
2026-08-14 13:00:00-04:00,7799.25,7803.75,7796.5,7800.5,66414
2026-08-14 14:00:00-04:00,7800.5,7807.5,7799.5,7804.25,59282
2026-08-14 15:00:00-04:00,7804.5,7806.5,7800.75,7805.25,131318
2026-08-14 16:00:00-04:00,7805.25,7806.25,7799.75,7805.0,34482
2026-08-16 18:00:00-04:00,7809.75,7811.25,7808.5,7810.25,3286
2026-08-16 19:00:00-04:00,7810.5,7813.25,7808.75,7812.25,2385
2026-08-16 20:00:00-04:00,7812.25,7814.0,7808.0,7810.75,5008
2026-08-16 21:00:00-04:00,7810.75,7813.5,7807.0,7807.75,4603
2026-08-16 22:00:00-04:00,7807.5,7810.0,7806.25,7808.5,3251
2026-08-16 23:00:00-04:00,7808.75,7812.25,7808.0,7812.25,2257
2026-08-17 00:00:00-04:00,7812.75,7813.5,7811.5,7812.25,2360
2026-08-17 01:00:00-04:00,7812.25,7817.5,7812.0,7817.25,3569
2026-08-17 02:00:00-04:00,7817.5,7820.25,7816.5,7819.75,6085
2026-08-17 03:00:00-04:00,7820.0,7821.25,7813.25,7819.0,8599
2026-08-17 04:00:00-04:00,7819.0,7819.25,7813.75,7816.0,5619
2026-08-17 05:00:00-04:00,7816.25,7818.0,7814.0,7815.0,7188
2026-08-17 06:00:00-04:00,7815.0,7824.5,7812.75,7816.5,11436
2026-08-17 07:00:00-04:00,7816.25,7818.5,7813.25,7813.25,9949
2026-08-17 08:00:00-04:00,7813.5,7815.0,7801.25,7803.75,29533
2026-08-17 09:00:00-04:00,7803.5,7809.5,7793.25,7794.25,123091
2026-08-17 10:00:00-04:00,7794.5,7799.0,7790.0,7794.0,130148
2026-08-17 11:00:00-04:00,7794.0,7800.0,7788.25,7794.25,99188
2026-08-17 12:00:00-04:00,7794.25,7797.5,7787.0,7788.0,62641
2026-08-17 13:00:00-04:00,7787.75,7789.0,7772.0,7775.0,125351
2026-08-17 14:00:00-04:00,7775.25,7779.25,7773.25,7776.0,78694
2026-08-17 15:00:00-04:00,7776.0,7776.75,7766.25,7768.5,166926
2026-08-17 16:00:00-04:00,7768.5,7769.5,7763.5,7765.5,40789
2026-08-17 18:00:00-04:00,7766.0,7768.5,7762.5,7765.25,0
2026-08-17 19:00:00-04:00,7765.25,7768.5,7763.5,7768.25,4313
2026-08-17 20:00:00-04:00,7768.0,7770.5,7766.25,7766.75,5530
2026-08-17 21:00:00-04:00,7767.0,7768.0,7755.25,7761.5,10083
2026-08-17 22:00:00-04:00,7761.5,7762.0,7742.75,7749.0,16845
2026-08-17 23:00:00-04:00,7749.25,7749.75,7741.0,7744.25,8840
2026-08-18 00:00:00-04:00,7743.0,7744.75,7739.5,7743.5,6369
2026-08-18 01:00:00-04:00,7743.5,7743.5,7734.25,7735.0,8317
2026-08-18 02:00:00-04:00,7735.25,7742.25,7726.0,7742.0,16618
2026-08-18 03:00:00-04:00,7741.75,7742.25,7726.0,7726.25,14218
2026-08-18 04:00:00-04:00,7726.5,7731.75,7716.5,7729.75,24244
2026-08-18 05:00:00-04:00,7729.75,7731.25,7722.5,7729.5,17711
2026-08-18 06:00:00-04:00,7729.5,7734.25,7728.25,7731.75,13623
2026-08-18 07:00:00-04:00,7731.75,7738.5,7730.75,7734.75,18036
2026-08-18 08:00:00-04:00,7734.75,7739.25,7728.5,7735.75,21596
2026-08-18 09:00:00-04:00,7735.5,7736.5,7719.0,7724.75,179772
2026-08-18 10:00:00-04:00,7725.0,7732.75,7716.5,7719.25,219304
2026-08-18 11:00:00-04:00,7719.5,7726.5,7713.25,7723.25,142509
2026-08-18 12:00:00-04:00,7723.25,7728.75,7720.5,7726.0,93727
2026-08-18 13:00:00-04:00,7726.0,7728.0,7715.75,7716.0,68279
2026-08-18 14:00:00-04:00,7715.75,7726.0,7714.25,7717.0,87465
2026-08-18 15:00:00-04:00,7717.0,7722.75,7710.25,7715.25,196724
2026-08-18 16:00:00-04:00,7715.0,7716.0,7711.25,7713.25,37525
2026-08-18 18:00:00-04:00,7714.0,7717.5,7707.5,7707.75,0
2026-08-18 19:00:00-04:00,7707.75,7714.5,7706.75,7710.75,6028
2026-08-18 20:00:00-04:00,7710.5,7716.0,7702.0,7711.0,13726
2026-08-18 21:00:00-04:00,7711.0,7717.0,7709.5,7711.25,10124
2026-08-18 22:00:00-04:00,7711.25,7712.0,7706.0,7709.25,8338
2026-08-18 23:00:00-04:00,7709.5,7712.0,7705.75,7706.75,5271
2026-08-19 00:00:00-04:00,7705.0,7709.0,7699.5,7704.25,7211
2026-08-19 01:00:00-04:00,7704.25,7708.25,7698.25,7699.75,7377
2026-08-19 02:00:00-04:00,7699.5,7715.0,7698.25,7714.5,12608
2026-08-19 03:00:00-04:00,7714.5,7719.0,7709.5,7718.5,14668
2026-08-19 04:00:00-04:00,7718.25,7722.0,7716.75,7718.25,17019
2026-08-19 05:00:00-04:00,7718.0,7720.75,7711.75,7713.5,9855
2026-08-19 06:00:00-04:00,7713.5,7716.25,7709.5,7713.5,8357
2026-08-19 07:00:00-04:00,7713.5,7719.25,7713.25,7718.0,11144
2026-08-19 08:00:00-04:00,7718.0,7758.25,7714.75,7748.25,99748
2026-08-19 09:00:00-04:00,7748.0,7750.75,7720.75,7739.5,218696
2026-08-19 10:00:00-04:00,7739.75,7762.25,7726.5,7761.75,224809
2026-08-19 11:00:00-04:00,7762.0,7764.75,7739.75,7745.75,145834
2026-08-19 12:00:00-04:00,7745.75,7759.5,7734.25,7736.0,114921
2026-08-19 13:00:00-04:00,7736.0,7741.5,7729.75,7734.75,89942
2026-08-19 14:00:00-04:00,7734.5,7745.0,7729.0,7734.75,103555
2026-08-19 15:00:00-04:00,7734.75,7743.5,7721.75,7731.5,204972
2026-08-19 16:00:00-04:00,7731.25,7732.75,7725.75,7730.5,39520
2026-08-19 18:00:00-04:00,7733.0,7743.25,7731.5,7742.0,0
2026-08-19 19:00:00-04:00,7742.25,7746.5,7739.75,7740.0,6031
2026-08-19 20:00:00-04:00,7740.0,7742.75,7734.0,7742.25,8747
2026-08-19 21:00:00-04:00,7742.25,7744.0,7737.0,7738.75,8181
2026-08-19 22:00:00-04:00,7738.75,7743.0,7735.0,7737.75,5094
2026-08-19 23:00:00-04:00,7737.75,7742.0,7736.25,7738.75,4868
2026-08-20 00:00:00-04:00,7741.75,7742.75,7737.75,7739.25,3669
2026-08-20 01:00:00-04:00,7739.25,7740.75,7734.25,7735.0,5197
2026-08-20 02:00:00-04:00,7734.75,7745.25,7734.75,7742.5,7361
2026-08-20 03:00:00-04:00,7742.5,7742.5,7730.0,7730.0,13540
2026-08-20 04:00:00-04:00,7730.25,7733.5,7715.5,7718.5,18280
2026-08-20 05:00:00-04:00,7718.75,7727.0,7717.5,7724.0,9780
2026-08-20 06:00:00-04:00,7723.75,7730.5,7722.0,7730.5,11101
2026-08-20 07:00:00-04:00,7730.5,7733.5,7703.25,7704.25,27575
2026-08-20 08:00:00-04:00,7704.5,7704.75,7680.25,7696.75,73770
2026-08-20 09:00:00-04:00,7697.0,7716.25,7692.5,7703.75,175351
2026-08-20 10:00:00-04:00,7703.75,7713.25,7691.75,7710.0,220976
2026-08-20 11:00:00-04:00,7709.75,7720.0,7690.5,7696.5,192533
2026-08-20 12:00:00-04:00,7696.5,7704.75,7691.75,7702.0,100838
2026-08-20 13:00:00-04:00,7702.25,7702.25,7680.25,7683.5,104015
2026-08-20 14:00:00-04:00,7683.5,7683.5,7669.25,7670.5,115556
2026-08-20 15:00:00-04:00,7670.5,7676.25,7659.0,7665.25,228457
2026-08-20 16:00:00-04:00,7665.25,7668.5,7657.75,7667.75,54201
2026-08-20 18:00:00-04:00,7669.0,7671.5,7663.25,7669.5,0
2026-08-20 19:00:00-04:00,7669.25,7669.5,7664.25,7666.25,3416
2026-08-20 20:00:00-04:00,7666.25,7673.0,7664.25,7664.5,9615
2026-08-20 21:00:00-04:00,7664.75,7669.25,7661.25,7667.25,7685
2026-08-20 22:00:00-04:00,7667.25,7673.0,7666.75,7670.75,5880
2026-08-20 23:00:00-04:00,7671.0,7671.75,7666.5,7668.75,3561
2026-08-21 00:00:00-04:00,7669.75,7670.0,7664.25,7668.75,4274
2026-08-21 01:00:00-04:00,7669.0,7671.0,7665.75,7668.5,4144
2026-08-21 02:00:00-04:00,7668.5,7675.25,7667.25,7673.5,6177
2026-08-21 03:00:00-04:00,7673.75,7682.25,7671.0,7682.0,13002
2026-08-21 04:00:00-04:00,7682.0,7690.25,7677.5,7687.5,13700
2026-08-21 05:00:00-04:00,7687.5,7689.0,7681.75,7687.75,11724
2026-08-21 06:00:00-04:00,7688.0,7692.25,7685.5,7688.5,9132
2026-08-21 07:00:00-04:00,7688.5,7699.5,7684.75,7695.0,21345
2026-08-21 08:00:00-04:00,7695.0,7704.75,7693.0,7700.75,32066
2026-08-21 09:00:00-04:00,7701.0,7702.25,7676.75,7680.5,173811
2026-08-21 10:00:00-04:00,7680.5,7694.25,7677.25,7693.5,163370
2026-08-21 11:00:00-04:00,7693.75,7714.0,7689.5,7707.25,154459
2026-08-21 12:00:00-04:00,7707.5,7708.75,7693.0,7699.0,112918
2026-08-21 13:00:00-04:00,7699.25,7700.75,7689.5,7689.5,67510
2026-08-21 14:00:00-04:00,7689.75,7697.75,7685.75,7697.25,63593
2026-08-21 15:00:00-04:00,7697.25,7703.0,7688.75,7691.5,192817
2026-08-21 16:00:00-04:00,7691.75,7692.25,7687.0,7691.25,42548
2026-08-23 18:00:00-04:00,7683.75,7690.75,7681.75,7689.5,3223
2026-08-23 19:00:00-04:00,7689.25,7702.5,7689.25,7702.25,4604
2026-08-23 20:00:00-04:00,7702.25,7703.25,7684.75,7697.5,11572
2026-08-23 21:00:00-04:00,7697.5,7702.75,7690.25,7690.5,8420
2026-08-23 22:00:00-04:00,7690.5,7697.5,7687.25,7696.5,7891
2026-08-23 23:00:00-04:00,7696.5,7696.5,7682.25,7682.5,7146
2026-08-24 00:00:00-04:00,7683.0,7685.0,7679.5,7679.75,6517
2026-08-24 01:00:00-04:00,7680.0,7685.5,7675.0,7676.5,8346
2026-08-24 02:00:00-04:00,7676.5,7678.75,7669.0,7673.5,9917
2026-08-24 03:00:00-04:00,7673.5,7679.5,7670.5,7671.0,9659
2026-08-24 04:00:00-04:00,7671.0,7684.0,7668.75,7680.5,10624
2026-08-24 05:00:00-04:00,7680.5,7684.5,7677.75,7680.5,7585
2026-08-24 06:00:00-04:00,7680.5,7682.0,7669.75,7670.5,9432
2026-08-24 07:00:00-04:00,7670.5,7686.5,7664.5,7679.75,21140
2026-08-24 08:00:00-04:00,7680.0,7682.5,7669.25,7678.0,20342
2026-08-24 09:00:00-04:00,7678.0,7682.75,7655.0,7668.5,162834
2026-08-24 10:00:00-04:00,7668.75,7675.5,7659.5,7670.75,150561
2026-08-24 11:00:00-04:00,7670.75,7681.5,7657.75,7679.5,139948
2026-08-24 12:00:00-04:00,7679.25,7686.5,7675.25,7676.0,77697
2026-08-24 13:00:00-04:00,7676.0,7682.0,7664.5,7667.0,92816
2026-08-24 14:00:00-04:00,7667.0,7685.25,7666.75,7674.25,89745
2026-08-24 15:00:00-04:00,7674.0,7677.0,7668.0,7669.5,141455
2026-08-24 16:00:00-04:00,7669.75,7675.0,7666.5,7674.25,39230
2026-08-24 18:00:00-04:00,7676.0,7677.5,7673.25,7674.5,0
2026-08-24 19:00:00-04:00,7674.5,7675.75,7667.75,7670.5,3751
2026-08-24 20:00:00-04:00,7670.5,7675.75,7660.25,7673.75,10345
2026-08-24 21:00:00-04:00,7673.75,7676.75,7670.5,7673.25,6817
2026-08-24 22:00:00-04:00,7673.25,7675.5,7666.5,7668.0,8015
2026-08-24 23:00:00-04:00,7668.0,7678.75,7668.0,7674.5,6820
2026-08-25 00:00:00-04:00,7677.5,7679.5,7675.25,7677.0,4515
2026-08-25 01:00:00-04:00,7676.75,7681.0,7676.0,7680.0,4938
2026-08-25 02:00:00-04:00,7680.0,7690.75,7669.75,7689.75,10478
2026-08-25 03:00:00-04:00,7689.75,7692.5,7681.5,7682.75,11673
2026-08-25 04:00:00-04:00,7682.75,7699.75,7680.5,7697.0,19187
2026-08-25 05:00:00-04:00,7697.0,7714.0,7694.5,7709.5,21306
2026-08-25 06:00:00-04:00,7709.25,7710.0,7699.75,7702.25,11730
2026-08-25 07:00:00-04:00,7702.0,7706.5,7693.0,7704.75,15975
2026-08-25 08:00:00-04:00,7704.75,7709.0,7694.75,7698.0,22517
2026-08-25 09:00:00-04:00,7697.75,7701.25,7688.0,7690.0,123635
2026-08-25 10:00:00-04:00,7690.0,7691.25,7663.25,7680.25,165465
2026-08-25 11:00:00-04:00,7680.0,7691.0,7676.25,7687.75,116583
2026-08-25 12:00:00-04:00,7687.75,7692.75,7686.25,7690.75,75729
2026-08-25 13:00:00-04:00,7690.75,7691.5,7679.25,7683.5,68566
2026-08-25 14:00:00-04:00,7683.25,7692.0,7680.0,7689.5,61345
2026-08-25 15:00:00-04:00,7689.5,7695.0,7681.75,7691.25,150459
2026-08-25 16:00:00-04:00,7691.0,7696.0,7689.0,7690.75,39043
2026-08-25 18:00:00-04:00,7691.5,7694.0,7690.5,7692.25,0
2026-08-25 19:00:00-04:00,7692.0,7692.5,7680.5,7682.0,4583
2026-08-25 20:00:00-04:00,7681.75,7686.0,7673.5,7674.0,12391
2026-08-25 21:00:00-04:00,7674.25,7678.0,7670.75,7674.25,9798
2026-08-25 22:00:00-04:00,7674.5,7687.0,7672.25,7685.75,8568
2026-08-25 23:00:00-04:00,7686.0,7692.0,7684.5,7690.25,6925
2026-08-26 00:00:00-04:00,7689.75,7691.5,7682.25,7683.25,5286
2026-08-26 01:00:00-04:00,7683.25,7687.75,7683.0,7685.0,4330
2026-08-26 02:00:00-04:00,7685.0,7691.0,7679.75,7688.5,7723
2026-08-26 03:00:00-04:00,7688.0,7688.75,7680.75,7686.0,9258
2026-08-26 04:00:00-04:00,7686.0,7691.0,7683.0,7688.5,8432
2026-08-26 05:00:00-04:00,7688.75,7689.75,7683.0,7689.0,7216
2026-08-26 06:00:00-04:00,7689.0,7690.25,7681.75,7687.0,7986
2026-08-26 07:00:00-04:00,7687.25,7694.75,7683.0,7687.5,13531
2026-08-26 08:00:00-04:00,7687.5,7698.5,7676.5,7679.25,38371
2026-08-26 09:00:00-04:00,7679.5,7701.75,7676.75,7701.25,134129
2026-08-26 10:00:00-04:00,7701.25,7702.5,7680.5,7690.75,146020
2026-08-26 11:00:00-04:00,7690.5,7697.0,7683.0,7685.25,125435
2026-08-26 12:00:00-04:00,7685.5,7686.5,7671.0,7679.25,98605
2026-08-26 13:00:00-04:00,7679.25,7691.0,7677.75,7688.75,82982
2026-08-26 14:00:00-04:00,7688.75,7698.5,7685.5,7697.25,72409
2026-08-26 15:00:00-04:00,7697.25,7705.5,7687.0,7692.25,164690
2026-08-26 16:00:00-04:00,7692.0,7710.25,7690.25,7710.0,58441
2026-08-26 18:00:00-04:00,7722.0,7741.25,7721.25,7736.25,0
2026-08-26 19:00:00-04:00,7736.0,7739.25,7733.25,7738.5,6785
2026-08-26 20:00:00-04:00,7738.75,7739.25,7714.5,7716.5,17827
2026-08-26 21:00:00-04:00,7716.25,7726.75,7714.5,7724.5,11743
2026-08-26 22:00:00-04:00,7724.5,7729.75,7724.0,7728.0,5747
2026-08-26 23:00:00-04:00,7728.0,7730.75,7725.5,7725.75,4772
2026-08-27 00:00:00-04:00,7725.75,7727.5,7719.0,7719.75,3770
2026-08-27 01:00:00-04:00,7720.0,7720.75,7710.0,7712.0,7943
2026-08-27 02:00:00-04:00,7712.25,7718.0,7707.0,7718.0,11560
2026-08-27 03:00:00-04:00,7718.0,7722.0,7713.5,7720.5,11668
2026-08-27 04:00:00-04:00,7720.75,7734.5,7720.5,7728.0,16721
2026-08-27 05:00:00-04:00,7728.25,7728.75,7718.75,7724.25,14376
2026-08-27 06:00:00-04:00,7724.25,7724.5,7718.25,7724.0,9518
2026-08-27 07:00:00-04:00,7724.0,7729.75,7715.0,7722.25,18710
2026-08-27 08:00:00-04:00,7722.0,7726.5,7711.0,7711.5,24851
2026-08-27 09:00:00-04:00,7711.5,7728.5,7702.75,7715.25,204171
2026-08-27 10:00:00-04:00,7715.25,7736.0,7712.0,7735.25,187013
2026-08-27 11:00:00-04:00,7735.5,7742.75,7725.25,7738.0,152185
2026-08-27 12:00:00-04:00,7738.0,7752.25,7735.0,7751.75,92495
2026-08-27 13:00:00-04:00,7752.0,7755.5,7742.75,7743.75,85977
2026-08-27 14:00:00-04:00,7743.75,7745.5,7722.75,7727.5,132367
2026-08-27 15:00:00-04:00,7727.5,7744.75,7726.25,7741.0,197503
2026-08-27 16:00:00-04:00,7741.25,7743.25,7731.75,7733.0,41890
2026-08-27 18:00:00-04:00,7733.75,7734.75,7727.5,7732.25,0
2026-08-27 19:00:00-04:00,7732.25,7732.5,7727.25,7728.75,3712
2026-08-27 20:00:00-04:00,7729.0,7737.5,7728.25,7735.75,7335
2026-08-27 21:00:00-04:00,7735.75,7743.0,7735.75,7742.75,6606
2026-08-27 22:00:00-04:00,7743.0,7747.25,7738.75,7740.75,6087
2026-08-27 23:00:00-04:00,7741.0,7747.5,7738.0,7741.75,5783
2026-08-28 00:00:00-04:00,7738.25,7741.0,7736.75,7737.75,2990
2026-08-28 01:00:00-04:00,7737.5,7738.0,7731.5,7731.75,4944
2026-08-28 02:00:00-04:00,7731.75,7743.5,7731.0,7743.5,8980
2026-08-28 03:00:00-04:00,7743.5,7744.5,7738.5,7740.25,9913
2026-08-28 04:00:00-04:00,7740.25,7745.0,7736.25,7740.25,9988
2026-08-28 05:00:00-04:00,7740.0,7740.75,7736.25,7738.75,5972
2026-08-28 06:00:00-04:00,7738.75,7740.5,7736.25,7739.75,7120
2026-08-28 07:00:00-04:00,7739.75,7743.5,7737.25,7739.75,7590
2026-08-28 08:00:00-04:00,7740.0,7751.25,7739.5,7749.75,19188
2026-08-28 09:00:00-04:00,7749.75,7758.0,7742.75,7746.25,108282
2026-08-28 10:00:00-04:00,7746.25,7780.0,7726.5,7779.25,318886
2026-08-28 11:00:00-04:00,7779.25,7782.5,7737.25,7739.75,255320
2026-08-28 12:00:00-04:00,7739.75,7745.25,7720.0,7725.75,210080
2026-08-28 13:00:00-04:00,7725.75,7726.5,7711.75,7724.25,131006
2026-08-28 14:00:00-04:00,7724.25,7727.25,7712.25,7716.0,86838
2026-08-28 15:00:00-04:00,7716.0,7728.25,7713.75,7722.75,194754
2026-08-28 16:00:00-04:00,7722.75,7725.5,7719.0,7722.0,40788
2026-08-30 18:00:00-04:00,7708.0,7714.75,7705.0,7709.25,5940
2026-08-30 19:00:00-04:00,7709.0,7709.5,7688.25,7688.5,13757
2026-08-30 20:00:00-04:00,7688.75,7703.75,7684.5,7697.25,17250
2026-08-30 21:00:00-04:00,7697.5,7697.5,7686.5,7690.0,13215
2026-08-30 22:00:00-04:00,7689.75,7696.75,7683.75,7692.0,10571
2026-08-30 23:00:00-04:00,7692.0,7696.0,7690.75,7692.75,5259
2026-08-31 00:00:00-04:00,7693.0,7702.25,7690.75,7700.5,5126
2026-08-31 01:00:00-04:00,7700.5,7710.5,7699.0,7704.5,9006
2026-08-31 02:00:00-04:00,7704.75,7712.0,7702.5,7711.0,8088
2026-08-31 03:00:00-04:00,7710.75,7711.25,7707.25,7709.5,8346
2026-08-31 04:00:00-04:00,7709.5,7718.5,7707.75,7712.75,10624
2026-08-31 05:00:00-04:00,7712.5,7716.0,7706.75,7707.25,6417
2026-08-31 06:00:00-04:00,7707.5,7711.25,7705.5,7709.75,6771
2026-08-31 07:00:00-04:00,7709.75,7711.25,7700.5,7702.25,11045
2026-08-31 08:00:00-04:00,7702.5,7709.25,7691.5,7693.75,32944
2026-08-31 09:00:00-04:00,7693.75,7704.25,7682.5,7689.5,155074
2026-08-31 10:00:00-04:00,7689.75,7692.0,7674.75,7687.5,147723
2026-08-31 11:00:00-04:00,7687.5,7692.5,7680.75,7682.0,98442
2026-08-31 12:00:00-04:00,7682.0,7687.75,7677.25,7686.5,84263
2026-08-31 13:00:00-04:00,7686.5,7696.25,7679.25,7693.0,77549
2026-08-31 14:00:00-04:00,7693.0,7696.25,7678.0,7684.5,102639
2026-08-31 15:00:00-04:00,7684.5,7708.25,7684.5,7697.75,284300
2026-08-31 16:00:00-04:00,7697.75,7704.75,7696.5,7701.25,52560
2026-08-31 18:00:00-04:00,7701.25,7702.75,7700.0,7701.25,0
2026-08-31 19:00:00-04:00,7701.0,7705.25,7700.5,7703.5,6236
2026-08-31 20:00:00-04:00,7703.75,7708.0,7700.5,7705.0,8499
2026-08-31 21:00:00-04:00,7704.75,7705.75,7698.0,7703.25,10528
2026-08-31 22:00:00-04:00,7703.0,7703.75,7693.75,7700.25,7677
2026-08-31 23:00:00-04:00,7700.25,7700.25,7695.25,7696.5,4516
2026-09-01 00:00:00-04:00,7696.5,7698.0,7692.0,7692.75,4485
2026-09-01 01:00:00-04:00,7692.75,7706.25,7690.0,7704.5,9236
2026-09-01 02:00:00-04:00,7704.75,7705.5,7696.0,7697.5,9015
2026-09-01 03:00:00-04:00,7697.25,7705.5,7687.0,7690.5,18353
2026-09-01 04:00:00-04:00,7690.5,7693.0,7658.5,7658.5,44992
2026-09-01 05:00:00-04:00,7658.75,7660.0,7648.5,7653.25,27361
2026-09-01 06:00:00-04:00,7653.5,7664.5,7650.75,7656.5,18689
2026-09-01 07:00:00-04:00,7656.25,7663.25,7651.25,7652.5,21088
2026-09-01 08:00:00-04:00,7652.25,7654.75,7645.0,7647.5,36313
2026-09-01 09:00:00-04:00,7647.25,7652.75,7638.75,7647.0,169398
2026-09-01 10:00:00-04:00,7647.25,7673.0,7644.5,7662.25,220152
2026-09-01 11:00:00-04:00,7662.5,7673.75,7653.75,7670.0,158476
2026-09-01 12:00:00-04:00,7670.0,7670.5,7642.5,7649.5,183238
2026-09-01 13:00:00-04:00,7649.5,7649.5,7635.0,7644.75,123305
2026-09-01 14:00:00-04:00,7645.0,7647.0,7621.5,7634.0,147908
2026-09-01 15:00:00-04:00,7634.0,7645.5,7632.75,7644.0,254033
2026-09-01 16:00:00-04:00,7644.0,7648.75,7640.75,7647.5,53317
2026-09-01 18:00:00-04:00,7645.0,7648.0,7641.5,7645.25,0
2026-09-01 19:00:00-04:00,7645.25,7647.25,7644.25,7646.25,2750
2026-09-01 20:00:00-04:00,7646.5,7651.5,7640.0,7640.0,11589
2026-09-01 21:00:00-04:00,7640.0,7642.75,7632.25,7636.75,14588
2026-09-01 22:00:00-04:00,7637.0,7641.75,7633.5,7641.0,7941
2026-09-01 23:00:00-04:00,7641.25,7642.0,7634.25,7635.5,5996
2026-09-02 00:00:00-04:00,7635.25,7636.5,7632.75,7635.25,4395
2026-09-02 01:00:00-04:00,7635.5,7643.0,7632.75,7637.25,7304
2026-09-02 02:00:00-04:00,7637.5,7643.0,7631.75,7641.25,11309
2026-09-02 03:00:00-04:00,7641.25,7647.25,7635.25,7637.5,13656
2026-09-02 04:00:00-04:00,7637.5,7643.0,7623.25,7626.5,12511
2026-09-02 05:00:00-04:00,7626.5,7633.0,7621.5,7625.75,16054
2026-09-02 06:00:00-04:00,7625.75,7628.75,7621.25,7626.75,12364
2026-09-02 07:00:00-04:00,7626.5,7646.25,7618.5,7646.25,28331
2026-09-02 08:00:00-04:00,7646.25,7658.75,7639.25,7640.25,45916
2026-09-02 09:00:00-04:00,7640.0,7657.0,7639.75,7656.75,149394
2026-09-02 10:00:00-04:00,7656.5,7690.25,7654.75,7679.75,260378
2026-09-02 11:00:00-04:00,7679.5,7691.25,7676.0,7685.75,149528
2026-09-02 12:00:00-04:00,7685.5,7685.75,7673.0,7675.5,93432
2026-09-02 13:00:00-04:00,7675.5,7681.25,7670.0,7678.0,101006
2026-09-02 14:00:00-04:00,7678.25,7687.75,7672.5,7674.5,107442
2026-09-02 15:00:00-04:00,7674.25,7681.75,7673.25,7678.25,162113
2026-09-02 16:00:00-04:00,7678.25,7682.5,7667.5,7669.25,46183
2026-09-02 18:00:00-04:00,7673.5,7680.0,7671.5,7676.0,0
2026-09-02 19:00:00-04:00,7676.25,7681.25,7674.5,7679.75,4565
2026-09-02 20:00:00-04:00,7679.75,7679.75,7671.5,7672.75,6531
2026-09-02 21:00:00-04:00,7672.5,7679.25,7671.5,7671.75,7665
2026-09-02 22:00:00-04:00,7671.75,7680.5,7671.0,7678.75,5544
2026-09-02 23:00:00-04:00,7678.5,7683.75,7677.75,7682.0,4896
2026-09-03 00:00:00-04:00,7683.5,7684.5,7679.25,7679.75,3422
2026-09-03 01:00:00-04:00,7679.5,7679.75,7661.25,7678.75,13112
2026-09-03 02:00:00-04:00,7678.75,7680.5,7672.0,7674.25,6595
2026-09-03 03:00:00-04:00,7674.25,7686.25,7672.25,7683.0,10833
2026-09-03 04:00:00-04:00,7682.75,7694.5,7681.75,7683.5,15030
2026-09-03 05:00:00-04:00,7683.5,7686.75,7672.0,7673.5,9890
2026-09-03 06:00:00-04:00,7673.75,7677.25,7669.25,7673.25,12163
2026-09-03 07:00:00-04:00,7673.25,7685.25,7670.25,7673.75,16592
2026-09-03 08:00:00-04:00,7673.5,7704.0,7673.5,7701.25,44181
2026-09-03 09:00:00-04:00,7701.25,7726.5,7694.0,7721.75,190353
2026-09-03 10:00:00-04:00,7722.0,7722.0,7700.0,7718.25,233455
2026-09-03 11:00:00-04:00,7718.25,7759.5,7718.0,7759.5,263284
2026-09-03 12:00:00-04:00,7759.5,7759.5,7748.0,7755.0,120984
2026-09-03 13:00:00-04:00,7755.0,7761.0,7747.0,7758.25,79842
2026-09-03 14:00:00-04:00,7760.75,7766.5,7759.75,7762.5,90423
2026-09-03 15:00:00-04:00,7762.5,7763.0,7752.0,7756.0,204412
2026-09-03 16:00:00-04:00,7756.25,7757.0,7748.0,7749.25,43386
2026-09-03 18:00:00-04:00,7749.75,7753.25,7748.25,7753.0,0
2026-09-03 19:00:00-04:00,7753.0,7754.25,7751.25,7752.75,2705
2026-09-03 20:00:00-04:00,7752.5,7757.0,7750.5,7756.0,5773
2026-09-03 21:00:00-04:00,7756.0,7757.25,7753.0,7756.5,5103
2026-09-03 22:00:00-04:00,7756.5,7758.75,7755.0,7758.0,3621
2026-09-03 23:00:00-04:00,7758.0,7759.25,7756.75,7757.75,2869
2026-09-04 00:00:00-04:00,7757.0,7761.75,7757.0,7761.25,3994
2026-09-04 01:00:00-04:00,7761.25,7764.5,7759.5,7761.5,5565
2026-09-04 02:00:00-04:00,7761.25,7764.0,7755.0,7755.75,7637
2026-09-04 03:00:00-04:00,7755.75,7763.0,7754.75,7759.75,12330
2026-09-04 04:00:00-04:00,7760.0,7763.0,7758.5,7762.0,12163
2026-09-04 05:00:00-04:00,7762.0,7762.25,7755.5,7758.25,8616
2026-09-04 06:00:00-04:00,7758.25,7763.75,7758.25,7761.75,8568
2026-09-04 07:00:00-04:00,7761.75,7764.0,7757.25,7762.0,10171
2026-09-04 08:00:00-04:00,7762.0,7763.0,7731.25,7738.25,70793
2026-09-04 09:00:00-04:00,7738.25,7751.0,7733.75,7745.0,151673
2026-09-04 10:00:00-04:00,7745.25,7745.5,7715.0,7716.25,190708
2026-09-04 11:00:00-04:00,7716.25,7722.75,7711.75,7721.25,157301
2026-09-04 12:00:00-04:00,7721.25,7735.25,7720.25,7730.75,101412
2026-09-04 13:00:00-04:00,7730.75,7731.5,7712.75,7716.25,105237
2026-09-04 14:00:00-04:00,7716.0,7725.75,7713.5,7724.25,75843
2026-09-04 15:00:00-04:00,7724.25,7726.75,7717.5,7723.75,193193
2026-09-04 16:00:00-04:00,7723.75,7724.25,7713.75,7722.0,45943
2026-09-08 00:00:00-04:00,7722.5,7725.75,7721.25,7723.25,5143
2026-09-08 01:00:00-04:00,7723.25,7723.5,7705.0,7705.5,10937
2026-09-08 02:00:00-04:00,7705.75,7707.0,7694.75,7703.25,15363
2026-09-08 03:00:00-04:00,7703.5,7710.5,7690.0,7692.25,20902
2026-09-08 04:00:00-04:00,7692.25,7696.5,7687.5,7692.5,20522
2026-09-08 05:00:00-04:00,7692.5,7709.0,7689.0,7709.0,14304
2026-09-08 06:00:00-04:00,7709.0,7718.25,7695.75,7698.5,22157
2026-09-08 07:00:00-04:00,7698.75,7706.25,7693.0,7705.75,20024
2026-09-08 08:00:00-04:00,7706.0,7714.25,7696.25,7714.0,25981
2026-09-08 09:00:00-04:00,7714.0,7717.75,7688.25,7695.0,166820
2026-09-08 10:00:00-04:00,7695.0,7700.0,7680.0,7696.75,197495
2026-09-08 11:00:00-04:00,7697.0,7704.0,7693.75,7694.25,129279
2026-09-08 12:00:00-04:00,7694.25,7698.25,7685.75,7690.0,122095
2026-09-08 13:00:00-04:00,7689.75,7701.75,7689.75,7695.25,89913
2026-09-08 14:00:00-04:00,7695.25,7699.5,7676.75,7688.0,135876
2026-09-08 15:00:00-04:00,7688.25,7692.25,7672.25,7681.0,244262
2026-09-08 16:00:00-04:00,7681.25,7683.0,7673.75,7678.25,47661
2026-09-08 18:00:00-04:00,7681.0,7682.75,7676.5,7682.5,0
2026-09-08 19:00:00-04:00,7682.5,7682.75,7672.75,7674.5,5567
2026-09-08 20:00:00-04:00,7674.75,7684.25,7674.5,7682.25,10382
2026-09-08 21:00:00-04:00,7682.25,7687.75,7681.25,7685.25,12510
2026-09-08 22:00:00-04:00,7685.25,7687.25,7682.75,7686.0,6416
2026-09-08 23:00:00-04:00,7686.0,7686.5,7682.0,7683.0,5280
2026-09-09 00:00:00-04:00,7684.0,7689.75,7680.5,7688.75,5541
2026-09-09 01:00:00-04:00,7688.75,7691.0,7683.75,7691.0,7338
2026-09-09 02:00:00-04:00,7691.0,7691.25,7684.5,7685.25,8443
2026-09-09 03:00:00-04:00,7685.25,7691.25,7681.5,7685.25,14459
2026-09-09 04:00:00-04:00,7685.25,7687.75,7677.75,7682.0,13645
2026-09-09 05:00:00-04:00,7682.0,7683.75,7657.0,7659.25,23340
2026-09-09 06:00:00-04:00,7659.5,7665.0,7647.25,7650.0,31042
2026-09-09 07:00:00-04:00,7650.0,7663.5,7649.0,7652.75,32497
2026-09-09 08:00:00-04:00,7652.75,7657.0,7644.5,7655.5,30824
2026-09-09 09:00:00-04:00,7655.5,7663.75,7651.75,7661.0,143056
2026-09-09 10:00:00-04:00,7660.75,7662.0,7644.5,7657.75,195501
2026-09-09 11:00:00-04:00,7658.0,7665.0,7628.75,7641.25,278195
2026-09-09 12:00:00-04:00,7641.5,7648.75,7632.75,7645.75,113753
2026-09-09 13:00:00-04:00,7645.75,7653.25,7643.5,7650.25,115550
2026-09-09 14:00:00-04:00,7650.25,7653.75,7642.75,7648.75,91367
2026-09-09 15:00:00-04:00,7648.75,7654.5,7641.25,7644.5,173645
2026-09-09 16:00:00-04:00,7644.5,7648.25,7642.5,7648.0,38113
2026-09-09 18:00:00-04:00,7646.5,7651.0,7645.75,7647.0,0
2026-09-09 19:00:00-04:00,7647.0,7653.0,7645.75,7652.0,3827
2026-09-09 20:00:00-04:00,7652.25,7656.5,7647.25,7647.5,11831
2026-09-09 21:00:00-04:00,7647.5,7652.0,7644.0,7651.5,10641
2026-09-09 22:00:00-04:00,7651.5,7655.5,7648.25,7654.5,6724
2026-09-09 23:00:00-04:00,7654.5,7656.75,7652.0,7655.75,5744
2026-09-10 00:00:00-04:00,7656.25,7660.0,7655.0,7659.0,5034
2026-09-10 01:00:00-04:00,7659.0,7665.75,7657.75,7663.5,6883
2026-09-10 02:00:00-04:00,7663.5,7666.25,7659.25,7664.0,8623
2026-09-10 03:00:00-04:00,7664.0,7664.0,7656.25,7659.25,11378
2026-09-10 04:00:00-04:00,7659.5,7662.5,7651.25,7652.5,13683
2026-09-10 05:00:00-04:00,7652.5,7655.5,7646.0,7652.0,13842
2026-09-10 06:00:00-04:00,7652.0,7657.0,7646.25,7648.25,17866
2026-09-10 07:00:00-04:00,7648.0,7648.75,7632.0,7632.0,23207
2026-09-10 08:00:00-04:00,7632.0,7635.0,7597.75,7601.5,110698
2026-09-10 09:00:00-04:00,7601.5,7609.0,7586.0,7586.75,229016
2026-09-10 10:00:00-04:00,7586.75,7620.0,7585.5,7613.5,287646
2026-09-10 11:00:00-04:00,7613.25,7619.25,7601.25,7604.75,169957
2026-09-10 12:00:00-04:00,7605.0,7613.0,7591.5,7611.5,159910
2026-09-10 13:00:00-04:00,7611.25,7617.75,7599.5,7602.25,120310
2026-09-10 14:00:00-04:00,7602.25,7605.25,7591.75,7597.0,123571
2026-09-10 15:00:00-04:00,7597.0,7602.75,7592.5,7598.5,219375
2026-09-10 16:00:00-04:00,7598.75,7606.5,7595.75,7602.0,47388
2026-09-10 18:00:00-04:00,7599.5,7607.25,7598.25,7599.75,0
2026-09-10 19:00:00-04:00,7599.5,7601.75,7594.5,7595.0,5338
2026-09-10 20:00:00-04:00,7595.0,7613.75,7594.25,7613.25,18360
2026-09-10 21:00:00-04:00,7613.25,7616.25,7606.75,7610.0,12292
2026-09-10 22:00:00-04:00,7610.0,7611.25,7602.25,7603.75,8993
2026-09-10 23:00:00-04:00,7603.5,7604.25,7597.75,7602.75,8603
2026-09-11 00:00:00-04:00,7605.0,7614.5,7601.25,7611.25,11164
2026-09-11 01:00:00-04:00,7611.0,7627.5,7610.75,7626.0,15071
2026-09-11 02:00:00-04:00,7626.0,7632.25,7622.5,7631.0,19657
2026-09-11 03:00:00-04:00,7631.0,7633.0,7624.5,7626.75,20449
2026-09-11 04:00:00-04:00,7626.75,7644.25,7623.25,7643.75,37720
2026-09-11 05:00:00-04:00,7643.75,7647.75,7636.5,7641.0,20190
2026-09-11 06:00:00-04:00,7640.75,7645.25,7635.5,7638.5,18869
2026-09-11 07:00:00-04:00,7638.75,7642.5,7635.5,7640.75,17729
2026-09-11 08:00:00-04:00,7640.75,7677.5,7620.5,7676.25,107621
2026-09-11 09:00:00-04:00,7676.25,7683.5,7659.75,7681.0,270747
2026-09-11 10:00:00-04:00,7681.0,7681.25,7653.25,7657.25,321952
2026-09-11 11:00:00-04:00,7657.25,7680.5,7655.25,7675.0,230827
2026-09-11 12:00:00-04:00,7674.75,7680.0,7665.75,7674.25,164579
2026-09-11 13:00:00-04:00,7674.25,7681.0,7673.0,7674.75,126568
2026-09-11 14:00:00-04:00,7675.0,7677.75,7667.0,7668.0,142614
2026-09-11 15:00:00-04:00,7668.0,7670.5,7657.5,7659.0,263282
2026-09-11 16:00:00-04:00,7659.0,7663.5,7658.5,7659.5,54040
2026-09-13 18:00:00-04:00,7609.5,7622.75,7607.75,7618.5,8638
2026-09-13 19:00:00-04:00,7618.75,7625.5,7614.75,7615.5,5830
2026-09-13 20:00:00-04:00,7615.25,7624.5,7614.5,7621.5,8551
2026-09-13 21:00:00-04:00,7621.75,7634.5,7620.0,7632.75,6658
2026-09-13 22:00:00-04:00,7633.0,7634.0,7629.0,7629.5,5816
2026-09-13 23:00:00-04:00,7629.5,7629.5,7621.75,7622.25,5447
2026-09-14 00:00:00-04:00,7622.5,7624.25,7619.25,7620.25,4011
2026-09-14 01:00:00-04:00,7620.25,7621.25,7615.25,7620.0,5277
2026-09-14 02:00:00-04:00,7620.0,7624.75,7606.25,7609.5,10681
2026-09-14 03:00:00-04:00,7609.75,7615.5,7604.0,7608.5,19067
2026-09-14 04:00:00-04:00,7608.75,7613.5,7600.0,7608.25,21050
2026-09-14 05:00:00-04:00,7608.0,7609.75,7593.75,7596.5,29096
2026-09-14 06:00:00-04:00,7596.5,7610.75,7596.25,7609.25,19463
2026-09-14 07:00:00-04:00,7609.25,7617.75,7607.0,7611.5,32296
2026-09-14 08:00:00-04:00,7611.5,7615.0,7596.5,7606.5,60320
2026-09-14 09:00:00-04:00,7606.5,7622.25,7596.5,7615.75,230737
2026-09-14 10:00:00-04:00,7615.75,7627.0,7595.25,7601.5,313602
2026-09-14 11:00:00-04:00,7601.5,7706.5,7597.5,7702.0,315038
2026-09-14 12:00:00-04:00,7701.75,7719.75,7696.0,7713.0,246463
2026-09-14 13:00:00-04:00,7713.0,7714.75,7703.0,7707.5,163957
2026-09-14 14:00:00-04:00,7707.5,7712.25,7703.25,7705.5,121120
2026-09-14 15:00:00-04:00,7705.5,7706.5,7691.25,7692.5,250101
2026-09-14 16:00:00-04:00,7692.5,7700.25,7689.5,7700.0,50252
2026-09-14 18:00:00-04:00,7699.25,7700.25,7695.0,7696.75,0
2026-09-14 19:00:00-04:00,7696.75,7697.5,7694.0,7696.0,4090
2026-09-14 20:00:00-04:00,7696.0,7700.5,7692.0,7697.75,7581
2026-09-14 21:00:00-04:00,7697.5,7701.0,7690.0,7693.5,8081
2026-09-14 22:00:00-04:00,7693.25,7695.25,7689.75,7690.5,6956
2026-09-14 23:00:00-04:00,7690.25,7691.75,7681.75,7682.25,8010
2026-09-15 00:00:00-04:00,7682.0,7682.75,7668.75,7669.0,10503
2026-09-15 01:00:00-04:00,7668.75,7679.25,7663.0,7674.75,11185
2026-09-15 02:00:00-04:00,7675.0,7677.75,7664.75,7667.5,13472
2026-09-15 03:00:00-04:00,7667.5,7670.0,7653.5,7658.5,29111
2026-09-15 04:00:00-04:00,7658.75,7660.0,7645.0,7651.0,40375
2026-09-15 05:00:00-04:00,7651.25,7666.5,7645.75,7666.0,37361
2026-09-15 06:00:00-04:00,7666.25,7680.5,7664.25,7676.25,28899
2026-09-15 07:00:00-04:00,7676.0,7682.25,7675.25,7681.75,36733
2026-09-15 08:00:00-04:00,7681.75,7697.5,7678.5,7689.25,59096
2026-09-15 09:00:00-04:00,7689.0,7693.5,7670.25,7678.25,211918
2026-09-15 10:00:00-04:00,7678.5,7678.5,7643.5,7646.25,302694
2026-09-15 11:00:00-04:00,7646.5,7659.75,7646.25,7653.0,220587
2026-09-15 12:00:00-04:00,7653.0,7662.75,7648.0,7659.25,140099
2026-09-15 13:00:00-04:00,7659.5,7660.25,7648.0,7655.25,125755
2026-09-15 14:00:00-04:00,7655.5,7662.0,7649.5,7657.0,120330
2026-09-15 15:00:00-04:00,7657.25,7658.75,7648.0,7656.75,211307
2026-09-15 16:00:00-04:00,7657.0,7665.25,7656.5,7663.75,44459
2026-09-15 18:00:00-04:00,7663.25,7667.25,7661.5,7666.5,0
2026-09-15 19:00:00-04:00,7666.5,7666.75,7662.5,7665.5,3191
2026-09-15 20:00:00-04:00,7665.5,7667.25,7663.0,7665.0,5676
2026-09-15 21:00:00-04:00,7665.0,7667.75,7658.75,7659.0,9324
2026-09-15 22:00:00-04:00,7659.0,7668.25,7659.0,7668.0,8572
2026-09-15 23:00:00-04:00,7668.0,7678.0,7668.0,7672.5,9690
2026-09-16 00:00:00-04:00,7672.75,7673.25,7667.25,7668.0,4619
2026-09-16 01:00:00-04:00,7668.0,7674.0,7665.5,7670.75,6075
2026-09-16 02:00:00-04:00,7670.5,7675.25,7669.25,7673.75,10182
2026-09-16 03:00:00-04:00,7673.75,7678.0,7669.75,7670.75,17837
2026-09-16 04:00:00-04:00,7670.75,7673.5,7663.5,7672.75,19632
2026-09-16 05:00:00-04:00,7672.5,7675.0,7665.5,7673.0,15361
2026-09-16 06:00:00-04:00,7673.25,7677.0,7669.5,7676.25,14548
2026-09-16 07:00:00-04:00,7676.25,7683.5,7672.0,7683.25,31360
2026-09-16 08:00:00-04:00,7683.0,7689.25,7674.0,7679.75,38130
2026-09-16 09:00:00-04:00,7679.75,7686.5,7669.0,7684.25,146378
2026-09-16 10:00:00-04:00,7684.5,7686.5,7669.5,7684.25,169490
2026-09-16 11:00:00-04:00,7684.25,7699.0,7682.0,7689.0,169727
2026-09-16 12:00:00-04:00,7689.0,7689.75,7678.25,7679.25,77716
2026-09-16 13:00:00-04:00,7679.5,7684.75,7674.0,7683.5,74438
2026-09-16 14:00:00-04:00,7684.5,7694.25,7617.5,7618.75,375601
2026-09-16 15:00:00-04:00,7618.75,7633.75,7575.0,7622.25,444277
2026-09-16 16:00:00-04:00,7622.25,7626.0,7617.25,7622.0,56267
2026-09-16 18:00:00-04:00,7624.0,7639.75,7617.5,7636.75,0
2026-09-16 19:00:00-04:00,7636.5,7657.5,7635.75,7657.25,15320
2026-09-16 20:00:00-04:00,7657.5,7667.75,7654.0,7664.0,22292
2026-09-16 21:00:00-04:00,7664.0,7668.0,7658.25,7660.0,13464
2026-09-16 22:00:00-04:00,7660.0,7669.75,7659.75,7665.25,10075
2026-09-16 23:00:00-04:00,7665.25,7670.25,7664.75,7669.75,6457
2026-09-17 00:00:00-04:00,7669.25,7670.25,7665.75,7667.25,5403
2026-09-17 01:00:00-04:00,7667.25,7667.75,7656.25,7657.25,8551
2026-09-17 02:00:00-04:00,7657.0,7677.5,7656.75,7675.25,19255
2026-09-17 03:00:00-04:00,7675.25,7689.25,7673.5,7680.25,29642
2026-09-17 04:00:00-04:00,7680.0,7684.5,7671.25,7683.25,18646
2026-09-17 05:00:00-04:00,7683.25,7689.25,7681.25,7682.75,14259
2026-09-17 06:00:00-04:00,7682.5,7689.5,7682.5,7687.5,14335
2026-09-17 07:00:00-04:00,7687.75,7695.5,7682.25,7695.25,33145
2026-09-17 08:00:00-04:00,7695.0,7722.25,7690.0,7717.5,81761
2026-09-17 09:00:00-04:00,7717.75,7722.0,7688.25,7693.75,189430
2026-09-17 10:00:00-04:00,7693.5,7703.75,7680.5,7688.25,203146
2026-09-17 11:00:00-04:00,7688.0,7706.5,7683.75,7706.5,130495
2026-09-17 12:00:00-04:00,7706.5,7708.0,7697.0,7706.0,113325
2026-09-17 13:00:00-04:00,7706.0,7709.25,7699.5,7707.75,83818
2026-09-17 14:00:00-04:00,7707.75,7711.25,7702.75,7705.75,95415
2026-09-17 15:00:00-04:00,7705.75,7715.5,7705.0,7707.25,194416
2026-09-17 16:00:00-04:00,7707.25,7708.5,7701.0,7702.25,44665
2026-09-17 18:00:00-04:00,7703.5,7704.25,7697.0,7699.0,0
2026-09-17 19:00:00-04:00,7699.25,7702.5,7699.0,7700.75,3667
2026-09-17 20:00:00-04:00,7700.75,7703.0,7698.0,7699.5,8941
2026-09-17 21:00:00-04:00,7699.5,7701.25,7696.0,7701.0,6513
2026-09-17 22:00:00-04:00,7701.0,7705.0,7699.0,7703.75,5081
2026-09-17 23:00:00-04:00,7703.75,7714.25,7703.5,7713.25,7430
2026-09-18 00:00:00-04:00,7714.75,7721.75,7712.75,7721.75,6053
2026-09-18 01:00:00-04:00,7721.5,7730.25,7721.25,7726.75,9269
2026-09-18 02:00:00-04:00,7726.75,7734.75,7725.75,7733.75,13074
2026-09-18 03:00:00-04:00,7733.75,7739.25,7732.25,7734.5,17787
2026-09-18 04:00:00-04:00,7734.25,7735.5,7724.5,7727.5,14925
2026-09-18 05:00:00-04:00,7727.5,7728.5,7716.75,7717.0,12961
2026-09-18 06:00:00-04:00,7716.75,7725.25,7716.0,7720.25,17836
2026-09-18 07:00:00-04:00,7720.25,7724.0,7710.25,7712.0,27114
2026-09-18 08:00:00-04:00,7712.25,7715.0,7697.75,7700.75,40372
2026-09-18 09:00:00-04:00,7700.75,7714.5,7691.25,7693.0,179712
2026-09-18 10:00:00-04:00,7693.0,7695.25,7683.25,7695.0,197432
2026-09-18 11:00:00-04:00,7695.0,7697.0,7683.75,7685.5,120331
2026-09-18 12:00:00-04:00,7685.25,7691.5,7675.0,7689.75,120234
2026-09-18 13:00:00-04:00,7690.0,7695.0,7686.25,7694.5,59829
2026-09-18 14:00:00-04:00,7694.75,7715.75,7693.0,7710.0,110039
2026-09-18 15:00:00-04:00,7709.75,7718.25,7704.25,7712.5,228504
2026-09-18 16:00:00-04:00,7712.5,7729.25,7711.5,7712.5,75797
2026-09-20 18:00:00-04:00,7721.75,7734.5,7721.25,7733.75,8243
2026-09-20 19:00:00-04:00,7733.75,7735.25,7731.25,7734.5,3850
2026-09-20 20:00:00-04:00,7734.5,7741.25,7730.75,7739.5,12201
2026-09-20 21:00:00-04:00,7739.5,7743.75,7738.25,7738.75,11449
2026-09-20 22:00:00-04:00,7738.5,7742.75,7737.5,7740.25,7440
2026-09-20 23:00:00-04:00,7740.25,7746.25,7740.25,7744.5,4582
2026-09-21 00:00:00-04:00,7744.0,7746.5,7742.5,7744.75,3749
2026-09-21 01:00:00-04:00,7745.0,7748.5,7743.25,7745.5,5439
2026-09-21 02:00:00-04:00,7745.5,7752.25,7745.5,7752.0,10738
2026-09-21 03:00:00-04:00,7752.0,7759.0,7751.5,7757.25,22497
2026-09-21 04:00:00-04:00,7757.25,7764.25,7757.0,7761.0,22265
2026-09-21 05:00:00-04:00,7761.25,7764.5,7759.25,7762.5,10942
2026-09-21 06:00:00-04:00,7762.25,7769.0,7762.25,7766.0,12836
2026-09-21 07:00:00-04:00,7765.75,7771.25,7763.0,7767.5,15217
2026-09-21 08:00:00-04:00,7767.75,7770.5,7761.25,7761.5,24604
2026-09-21 09:00:00-04:00,7761.5,7775.0,7758.25,7774.75,122419
2026-09-21 10:00:00-04:00,7774.75,7793.5,7767.75,7790.0,183728
2026-09-21 11:00:00-04:00,7790.0,7811.5,7789.0,7805.25,145436
2026-09-21 12:00:00-04:00,7805.25,7824.75,7802.75,7821.0,134636
2026-09-21 13:00:00-04:00,7821.25,7830.0,7819.5,7826.75,108042
2026-09-21 14:00:00-04:00,7827.0,7844.75,7827.0,7841.25,117094
2026-09-21 15:00:00-04:00,7841.5,7847.25,7832.0,7833.25,252583
2026-09-21 16:00:00-04:00,7833.25,7835.0,7826.5,7829.25,46078
2026-09-21 18:00:00-04:00,7830.0,7835.75,7829.0,7834.5,0
2026-09-21 19:00:00-04:00,7834.75,7837.75,7833.5,7835.25,4114
2026-09-21 20:00:00-04:00,7835.25,7840.0,7832.25,7835.25,10788
2026-09-21 21:00:00-04:00,7835.5,7836.25,7831.75,7833.5,9002
2026-09-21 22:00:00-04:00,7833.5,7836.5,7833.25,7834.75,5334
2026-09-21 23:00:00-04:00,7834.75,7835.5,7831.0,7833.25,5180
2026-09-22 00:00:00-04:00,7833.25,7836.5,7832.5,7834.25,6935
2026-09-22 01:00:00-04:00,7834.25,7839.5,7832.25,7838.25,7820
2026-09-22 02:00:00-04:00,7838.25,7838.5,7833.75,7836.25,9937
2026-09-22 03:00:00-04:00,7836.25,7837.75,7826.5,7826.5,21854
2026-09-22 04:00:00-04:00,7826.5,7836.0,7810.5,7833.5,51805
2026-09-22 05:00:00-04:00,7833.25,7843.0,7825.5,7838.75,43858
2026-09-22 06:00:00-04:00,7838.75,7843.75,7834.75,7838.25,19192
2026-09-22 07:00:00-04:00,7838.25,7842.0,7828.25,7835.5,25518
2026-09-22 08:00:00-04:00,7835.75,7842.75,7834.0,7837.0,24770
2026-09-22 09:00:00-04:00,7837.0,7848.5,7833.25,7835.0,148963
2026-09-22 10:00:00-04:00,7835.0,7845.75,7826.5,7831.0,191016
2026-09-22 11:00:00-04:00,7831.0,7834.75,7822.25,7826.75,125749
2026-09-22 12:00:00-04:00,7826.75,7833.75,7823.25,7832.0,102490
2026-09-22 13:00:00-04:00,7832.0,7839.0,7827.25,7837.5,94683
2026-09-22 14:00:00-04:00,7837.5,7840.5,7832.75,7834.25,87386
2026-09-22 15:00:00-04:00,7834.0,7846.75,7829.75,7831.0,220655
2026-09-22 16:00:00-04:00,7830.75,7834.25,7826.0,7827.75,37378
2026-09-22 18:00:00-04:00,7830.0,7834.0,7829.0,7831.25,0
2026-09-22 19:00:00-04:00,7831.5,7834.0,7831.0,7833.5,2488
2026-09-22 20:00:00-04:00,7833.25,7833.75,7827.75,7829.0,7563
2026-09-22 21:00:00-04:00,7829.0,7835.25,7827.75,7832.5,7654
2026-09-22 22:00:00-04:00,7832.75,7833.25,7827.25,7832.25,6509
2026-09-22 23:00:00-04:00,7832.25,7837.5,7831.75,7835.5,4555
2026-09-23 00:00:00-04:00,7839.25,7840.75,7838.25,7839.0,4528
2026-09-23 01:00:00-04:00,7839.0,7839.75,7835.5,7836.25,7629
2026-09-23 02:00:00-04:00,7836.5,7843.25,7836.0,7837.5,9600
2026-09-23 03:00:00-04:00,7837.25,7841.25,7835.25,7839.25,11259
2026-09-23 04:00:00-04:00,7839.5,7842.25,7834.25,7836.75,10958
2026-09-23 05:00:00-04:00,7836.5,7839.25,7832.5,7834.75,8589
2026-09-23 06:00:00-04:00,7834.75,7839.25,7834.0,7836.0,7690
2026-09-23 07:00:00-04:00,7835.75,7836.25,7819.0,7826.5,23576
2026-09-23 08:00:00-04:00,7826.5,7828.25,7818.75,7823.5,24532
2026-09-23 09:00:00-04:00,7823.75,7826.25,7799.25,7801.75,147435
2026-09-23 10:00:00-04:00,7801.75,7805.5,7778.0,7797.25,331767
2026-09-23 11:00:00-04:00,7797.25,7797.5,7776.5,7780.5,149518
2026-09-23 12:00:00-04:00,7780.5,7781.5,7764.25,7768.5,131878
2026-09-23 13:00:00-04:00,7768.5,7785.25,7758.75,7784.25,178495
2026-09-23 14:00:00-04:00,7784.25,7784.75,7770.25,7776.75,99989
2026-09-23 15:00:00-04:00,7777.0,7778.25,7761.0,7773.75,266439
2026-09-23 16:00:00-04:00,7773.75,7774.75,7770.25,7772.75,41099
2026-09-23 18:00:00-04:00,7774.75,7779.25,7773.5,7775.0,0
2026-09-23 19:00:00-04:00,7775.25,7775.75,7767.0,7768.25,5023
2026-09-23 20:00:00-04:00,7768.25,7769.75,7761.25,7764.5,10024
2026-09-23 21:00:00-04:00,7764.25,7768.0,7759.5,7764.75,10300
2026-09-23 22:00:00-04:00,7764.75,7766.75,7758.0,7764.75,8567
2026-09-23 23:00:00-04:00,7764.75,7765.0,7756.0,7759.0,8590
2026-09-24 00:00:00-04:00,7747.5,7757.25,7745.0,7754.25,20089
2026-09-24 01:00:00-04:00,7754.25,7760.0,7742.0,7742.0,8931
2026-09-24 02:00:00-04:00,7742.0,7748.0,7734.25,7735.5,17298
2026-09-24 03:00:00-04:00,7735.25,7748.0,7730.75,7734.0,23396
2026-09-24 04:00:00-04:00,7734.0,7741.25,7721.0,7723.25,38995
2026-09-24 05:00:00-04:00,7723.5,7729.75,7707.25,7724.25,33514
2026-09-24 06:00:00-04:00,7724.0,7737.75,7719.0,7733.0,35201
2026-09-24 07:00:00-04:00,7733.0,7736.25,7722.0,7732.25,28248
2026-09-24 08:00:00-04:00,7732.0,7739.5,7724.5,7735.0,38584
2026-09-24 09:00:00-04:00,7734.75,7749.0,7730.0,7747.75,139304
2026-09-24 10:00:00-04:00,7748.0,7758.0,7735.0,7738.25,191801
2026-09-24 11:00:00-04:00,7738.5,7741.25,7725.25,7735.75,174918
2026-09-24 12:00:00-04:00,7735.75,7783.5,7729.5,7776.5,306246
2026-09-24 13:00:00-04:00,7776.25,7780.75,7753.75,7763.0,184855
2026-09-24 14:00:00-04:00,7763.25,7777.75,7749.5,7773.25,161371
2026-09-24 15:00:00-04:00,7773.25,7774.5,7764.0,7765.5,185766
2026-09-24 16:00:00-04:00,7765.5,7766.0,7748.75,7759.5,51837
2026-09-24 18:00:00-04:00,7759.0,7763.75,7754.0,7756.75,0
2026-09-24 19:00:00-04:00,7756.75,7759.25,7750.75,7751.5,4055
2026-09-24 20:00:00-04:00,7751.25,7757.25,7748.5,7751.75,11400
2026-09-24 21:00:00-04:00,7751.75,7765.25,7749.25,7762.0,13211
2026-09-24 22:00:00-04:00,7762.25,7766.25,7757.25,7762.0,6518
2026-09-24 23:00:00-04:00,7762.0,7767.25,7760.75,7763.5,6008
2026-09-25 00:00:00-04:00,7760.5,7762.25,7757.75,7759.5,6568
2026-09-25 01:00:00-04:00,7759.25,7774.0,7759.0,7770.0,8926
2026-09-25 02:00:00-04:00,7770.0,7778.5,7769.75,7774.75,13122
2026-09-25 03:00:00-04:00,7774.75,7781.75,7773.5,7775.25,17463
2026-09-25 04:00:00-04:00,7775.25,7790.75,7771.5,7789.25,17738
2026-09-25 05:00:00-04:00,7789.25,7792.5,7786.0,7786.75,17407
2026-09-25 06:00:00-04:00,7787.0,7791.5,7783.5,7785.75,14685
2026-09-25 07:00:00-04:00,7785.75,7800.75,7785.25,7792.5,19714
2026-09-25 08:00:00-04:00,7792.5,7796.25,7783.0,7785.0,38282
2026-09-25 09:00:00-04:00,7785.0,7793.75,7767.25,7787.5,161477
2026-09-25 10:00:00-04:00,7787.5,7788.25,7752.75,7778.0,261787
2026-09-25 11:00:00-04:00,7778.25,7790.75,7764.5,7790.5,209357
2026-09-25 12:00:00-04:00,7790.5,7811.0,7788.75,7795.25,260459
2026-09-25 13:00:00-04:00,7795.25,7805.25,7794.0,7802.75,99940
2026-09-25 14:00:00-04:00,7802.75,7806.25,7795.25,7798.0,100404
2026-09-25 15:00:00-04:00,7798.25,7814.75,7793.25,7804.5,229396
2026-09-25 16:00:00-04:00,7804.5,7807.25,7801.5,7803.75,44051
2026-09-27 18:00:00-04:00,7791.0,7792.25,7778.75,7781.0,6432
2026-09-27 19:00:00-04:00,7781.25,7785.5,7778.75,7784.0,7193
2026-09-27 20:00:00-04:00,7783.75,7790.75,7781.0,7782.5,16145
2026-09-27 21:00:00-04:00,7782.5,7788.75,7780.75,7781.5,11417
2026-09-27 22:00:00-04:00,7781.25,7781.25,7773.75,7775.25,12379
2026-09-27 23:00:00-04:00,7775.25,7779.25,7771.75,7773.25,9137
2026-09-28 00:00:00-04:00,7772.75,7778.75,7771.5,7775.25,7349
2026-09-28 01:00:00-04:00,7775.25,7779.0,7770.5,7775.75,11218
2026-09-28 02:00:00-04:00,7776.0,7783.25,7768.25,7776.25,20562
2026-09-28 03:00:00-04:00,7776.25,7776.25,7765.25,7771.0,19738
2026-09-28 04:00:00-04:00,7771.0,7776.75,7765.25,7767.75,17129
2026-09-28 05:00:00-04:00,7767.25,7772.0,7760.0,7764.75,21905
2026-09-28 06:00:00-04:00,7764.75,7767.5,7757.0,7761.5,18981
2026-09-28 07:00:00-04:00,7761.5,7770.75,7761.0,7768.25,29330
2026-09-28 08:00:00-04:00,7768.25,7781.75,7762.75,7780.75,43069
2026-09-28 09:00:00-04:00,7780.5,7780.5,7758.75,7773.0,161515
2026-09-28 10:00:00-04:00,7773.0,7773.75,7726.0,7730.75,254916
2026-09-28 11:00:00-04:00,7730.75,7747.25,7730.5,7744.25,196528
2026-09-28 12:00:00-04:00,7744.25,7786.25,7740.75,7761.75,250966
2026-09-28 13:00:00-04:00,7761.5,7783.5,7755.0,7763.75,174286
2026-09-28 14:00:00-04:00,7763.5,7766.5,7753.75,7760.75,102710
2026-09-28 15:00:00-04:00,7760.75,7761.25,7739.25,7746.5,251722
2026-09-28 16:00:00-04:00,7746.25,7749.0,7740.5,7746.25,44307
2026-09-28 18:00:00-04:00,7746.5,7752.75,7741.0,7750.25,0
2026-09-28 19:00:00-04:00,7750.0,7751.75,7745.25,7747.5,4021
2026-09-28 20:00:00-04:00,7747.5,7751.5,7735.25,7735.25,14578
2026-09-28 21:00:00-04:00,7735.5,7739.5,7729.25,7736.0,16662
2026-09-28 22:00:00-04:00,7736.25,7740.5,7727.5,7730.75,14880
2026-09-28 23:00:00-04:00,7731.0,7736.5,7725.5,7726.25,15132
2026-09-29 00:00:00-04:00,7726.25,7729.5,7725.5,7726.75,5733
2026-09-29 01:00:00-04:00,7726.5,7729.75,7716.0,7728.5,19928
2026-09-29 02:00:00-04:00,7728.75,7745.5,7727.75,7742.75,24280
2026-09-29 03:00:00-04:00,7743.0,7754.5,7738.5,7742.75,20567
2026-09-29 04:00:00-04:00,7742.75,7748.75,7740.5,7745.25,17758
2026-09-29 05:00:00-04:00,7745.25,7747.25,7736.25,7738.5,17812
2026-09-29 06:00:00-04:00,7738.5,7753.5,7738.0,7753.25,17309
2026-09-29 07:00:00-04:00,7753.5,7770.75,7751.75,7763.0,32747
2026-09-29 08:00:00-04:00,7763.0,7767.25,7751.75,7752.5,30388
2026-09-29 09:00:00-04:00,7752.75,7759.0,7734.75,7736.25,153033
2026-09-29 10:00:00-04:00,7736.25,7747.0,7733.25,7737.75,205397
2026-09-29 11:00:00-04:00,7737.75,7738.25,7714.5,7722.25,231748
2026-09-29 12:00:00-04:00,7722.25,7724.75,7713.0,7718.5,127925
2026-09-29 13:00:00-04:00,7718.5,7723.75,7712.25,7715.0,100839
2026-09-29 14:00:00-04:00,7715.0,7742.0,7715.0,7737.25,185960
2026-09-29 15:00:00-04:00,7737.25,7739.25,7727.0,7732.5,227635
2026-09-29 16:00:00-04:00,7732.5,7741.25,7732.0,7738.25,44020
2026-09-29 18:00:00-04:00,7739.0,7749.25,7738.0,7742.75,5408
